icd_code,icd_description,candidate_domain,similarity_score,rank_position,model_name,accepted_as_top1
04149,other and unspecified escherichia coli [e. coli],Eliminacao e Troca,0.29868972301483154,1,pritamdeka/S-BioBERT-snli-multinli-stsb,1
04149,other and unspecified escherichia coli [e. coli],Nutricao,0.24069325625896454,2,pritamdeka/S-BioBERT-snli-multinli-stsb,0
04149,other and unspecified escherichia coli [e. coli],Seguranca/Protecao,0.2397560477256775,3,pritamdeka/S-BioBERT-snli-multinli-stsb,0
2651,other and unspecified manifestations of thiamine deficiency,Nutricao,0.3434900641441345,1,pritamdeka/S-BioBERT-snli-multinli-stsb,1
2651,other and unspecified manifestations of thiamine deficiency,Percepcao/Cognicao,0.33718204498291016,2,pritamdeka/S-BioBERT-snli-multinli-stsb,0
2651,other and unspecified manifestations of thiamine deficiency,Crescimento/Desenvolvimento,0.2758229970932007,3,pritamdeka/S-BioBERT-snli-multinli-stsb,0
71594,"osteoarthrosis, unspecified whether generalized or localized, hand",Eliminacao e Troca,0.1870829463005066,1,pritamdeka/S-BioBERT-snli-multinli-stsb,1
71594,"osteoarthrosis, unspecified whether generalized or localized, hand",Seguranca/Protecao,0.17600476741790771,2,pritamdeka/S-BioBERT-snli-multinli-stsb,0
71594,"osteoarthrosis, unspecified whether generalized or localized, hand",Percepcao/Cognicao,0.16766390204429626,3,pritamdeka/S-BioBERT-snli-multinli-stsb,0
7904,nonspecific elevation of levels of transaminase or lactic acid dehydrogenase [ldh],Nutricao,0.2588885426521301,1,pritamdeka/S-BioBERT-snli-multinli-stsb,1
7904,nonspecific elevation of levels of transaminase or lactic acid dehydrogenase [ldh],Seguranca/Protecao,0.258301317691803,2,pritamdeka/S-BioBERT-snli-multinli-stsb,0
7904,nonspecific elevation of levels of transaminase or lactic acid dehydrogenase [ldh],Enfrentamento/Tolerancia ao Estresse,0.25630247592926025,3,pritamdeka/S-BioBERT-snli-multinli-stsb,0
V140,pedal cycle driver injured in collision with heavy transport vehicle or bus in nontraffic accident,Atividade/Repouso,0.25396493077278137,1,pritamdeka/S-BioBERT-snli-multinli-stsb,1
V140,pedal cycle driver injured in collision with heavy transport vehicle or bus in nontraffic accident,Conforto,0.1238209679722786,2,pritamdeka/S-BioBERT-snli-multinli-stsb,0
V140,pedal cycle driver injured in collision with heavy transport vehicle or bus in nontraffic accident,Percepcao/Cognicao,0.11735537648200989,3,pritamdeka/S-BioBERT-snli-multinli-stsb,0
V141,pedal cycle passenger injured in collision with heavy transport vehicle or bus in nontraffic accident,Atividade/Repouso,0.2590276896953583,1,pritamdeka/S-BioBERT-snli-multinli-stsb,1
V141,pedal cycle passenger injured in collision with heavy transport vehicle or bus in nontraffic accident,Conforto,0.15930023789405823,2,pritamdeka/S-BioBERT-snli-multinli-stsb,0
V141,pedal cycle passenger injured in collision with heavy transport vehicle or bus in nontraffic accident,Percepcao/Cognicao,0.12934990227222443,3,pritamdeka/S-BioBERT-snli-multinli-stsb,0
V4581,aortocoronary bypass status,Atividade/Repouso,0.2900407016277313,1,pritamdeka/S-BioBERT-snli-multinli-stsb,1
V4581,aortocoronary bypass status,Sexualidade,0.20027904212474823,2,pritamdeka/S-BioBERT-snli-multinli-stsb,0
V4581,aortocoronary bypass status,Eliminacao e Troca,0.17621052265167236,3,pritamdeka/S-BioBERT-snli-multinli-stsb,0
56089,other specified intestinal obstruction,Eliminacao e Troca,0.4932814836502075,1,pritamdeka/S-BioBERT-snli-multinli-stsb,1
56089,other specified intestinal obstruction,Nutricao,0.4365104138851166,2,pritamdeka/S-BioBERT-snli-multinli-stsb,0
56089,other specified intestinal obstruction,Percepcao/Cognicao,0.3595598340034485,3,pritamdeka/S-BioBERT-snli-multinli-stsb,0
6185,prolapse of vaginal vault after hysterectomy,Sexualidade,0.4502038359642029,1,pritamdeka/S-BioBERT-snli-multinli-stsb,1
6185,prolapse of vaginal vault after hysterectomy,Conforto,0.25106969475746155,2,pritamdeka/S-BioBERT-snli-multinli-stsb,0
6185,prolapse of vaginal vault after hysterectomy,Percepcao/Cognicao,0.23533791303634644,3,pritamdeka/S-BioBERT-snli-multinli-stsb,0
7892,splenomegaly,Nutricao,0.2348441779613495,1,pritamdeka/S-BioBERT-snli-multinli-stsb,1
7892,splenomegaly,Eliminacao e Troca,0.22460973262786865,2,pritamdeka/S-BioBERT-snli-multinli-stsb,0
7892,splenomegaly,Crescimento/Desenvolvimento,0.2217947393655777,3,pritamdeka/S-BioBERT-snli-multinli-stsb,0
E912,inhalation and ingestion of other object causing obstruction of respiratory tract or suffocation,Eliminacao e Troca,0.35049957036972046,1,pritamdeka/S-BioBERT-snli-multinli-stsb,1
E912,inhalation and ingestion of other object causing obstruction of respiratory tract or suffocation,Atividade/Repouso,0.347773015499115,2,pritamdeka/S-BioBERT-snli-multinli-stsb,0
E912,inhalation and ingestion of other object causing obstruction of respiratory tract or suffocation,Seguranca/Protecao,0.3046606779098511,3,pritamdeka/S-BioBERT-snli-multinli-stsb,0
E9290,late effects of motor vehicle accident,Percepcao/Cognicao,0.27901726961135864,1,pritamdeka/S-BioBERT-snli-multinli-stsb,1
E9290,late effects of motor vehicle accident,Conforto,0.17711134254932404,2,pritamdeka/S-BioBERT-snli-multinli-stsb,0
E9290,late effects of motor vehicle accident,Enfrentamento/Tolerancia ao Estresse,0.17404934763908386,3,pritamdeka/S-BioBERT-snli-multinli-stsb,0
V4365,knee joint replacement,Eliminacao e Troca,0.2128545641899109,1,pritamdeka/S-BioBERT-snli-multinli-stsb,1
V4365,knee joint replacement,Sexualidade,0.2014351338148117,2,pritamdeka/S-BioBERT-snli-multinli-stsb,0
V4365,knee joint replacement,Conforto,0.1562645435333252,3,pritamdeka/S-BioBERT-snli-multinli-stsb,0
2536,other disorders of neurohypophysis,Percepcao/Cognicao,0.3875736594200134,1,pritamdeka/S-BioBERT-snli-multinli-stsb,1
2536,other disorders of neurohypophysis,Nutricao,0.36632174253463745,2,pritamdeka/S-BioBERT-snli-multinli-stsb,0
2536,other disorders of neurohypophysis,Eliminacao e Troca,0.3525731861591339,3,pritamdeka/S-BioBERT-snli-multinli-stsb,0
311,"depressive disorder, not elsewhere classified",Enfrentamento/Tolerancia ao Estresse,0.3310946226119995,1,pritamdeka/S-BioBERT-snli-multinli-stsb,1
311,"depressive disorder, not elsewhere classified",Autopercepcao,0.18657860159873962,2,pritamdeka/S-BioBERT-snli-multinli-stsb,0
311,"depressive disorder, not elsewhere classified",Percepcao/Cognicao,0.14525802433490753,3,pritamdeka/S-BioBERT-snli-multinli-stsb,0
3489,unspecified condition of brain,Percepcao/Cognicao,0.35496944189071655,1,pritamdeka/S-BioBERT-snli-multinli-stsb,1
3489,unspecified condition of brain,Autopercepcao,0.22813951969146729,2,pritamdeka/S-BioBERT-snli-multinli-stsb,0
3489,unspecified condition of brain,Seguranca/Protecao,0.22154554724693298,3,pritamdeka/S-BioBERT-snli-multinli-stsb,0
55320,"ventral, unspecified, hernia without mention of obstruction or gangrene",Seguranca/Protecao,0.19070544838905334,1,pritamdeka/S-BioBERT-snli-multinli-stsb,1
55320,"ventral, unspecified, hernia without mention of obstruction or gangrene",Sexualidade,0.16649681329727173,2,pritamdeka/S-BioBERT-snli-multinli-stsb,0
55320,"ventral, unspecified, hernia without mention of obstruction or gangrene",Eliminacao e Troca,0.1625129133462906,3,pritamdeka/S-BioBERT-snli-multinli-stsb,0
V4281,bone marrow replaced by transplant,Crescimento/Desenvolvimento,0.22226127982139587,1,pritamdeka/S-BioBERT-snli-multinli-stsb,1
V4281,bone marrow replaced by transplant,Autopercepcao,0.21345561742782593,2,pritamdeka/S-BioBERT-snli-multinli-stsb,0
V4281,bone marrow replaced by transplant,Nutricao,0.14794321358203888,3,pritamdeka/S-BioBERT-snli-multinli-stsb,0
V5866,long-term (current) use of aspirin,Atividade/Repouso,0.32750335335731506,1,pritamdeka/S-BioBERT-snli-multinli-stsb,1
V5866,long-term (current) use of aspirin,Eliminacao e Troca,0.21880708634853363,2,pritamdeka/S-BioBERT-snli-multinli-stsb,0
V5866,long-term (current) use of aspirin,Enfrentamento/Tolerancia ao Estresse,0.1938374936580658,3,pritamdeka/S-BioBERT-snli-multinli-stsb,0
30521,"cannabis abuse, continuous",Enfrentamento/Tolerancia ao Estresse,0.2397521734237671,1,pritamdeka/S-BioBERT-snli-multinli-stsb,1
30521,"cannabis abuse, continuous",Conforto,0.17408710718154907,2,pritamdeka/S-BioBERT-snli-multinli-stsb,0
30521,"cannabis abuse, continuous",Percepcao/Cognicao,0.12183690071105957,3,pritamdeka/S-BioBERT-snli-multinli-stsb,0
4568,varices of other sites,Eliminacao e Troca,0.24215099215507507,1,pritamdeka/S-BioBERT-snli-multinli-stsb,1
4568,varices of other sites,Conforto,0.21523872017860413,2,pritamdeka/S-BioBERT-snli-multinli-stsb,0
4568,varices of other sites,Percepcao/Cognicao,0.20997899770736694,3,pritamdeka/S-BioBERT-snli-multinli-stsb,0
59960,"urinary obstruction, unspecified",Eliminacao e Troca,0.41317838430404663,1,pritamdeka/S-BioBERT-snli-multinli-stsb,1
59960,"urinary obstruction, unspecified",Nutricao,0.2943650484085083,2,pritamdeka/S-BioBERT-snli-multinli-stsb,0
59960,"urinary obstruction, unspecified",Sexualidade,0.251825749874115,3,pritamdeka/S-BioBERT-snli-multinli-stsb,0
V5861,long-term (current) use of anticoagulants,Atividade/Repouso,0.3721918761730194,1,pritamdeka/S-BioBERT-snli-multinli-stsb,1
V5861,long-term (current) use of anticoagulants,Eliminacao e Troca,0.2738551199436188,2,pritamdeka/S-BioBERT-snli-multinli-stsb,0
V5861,long-term (current) use of anticoagulants,Conforto,0.25358647108078003,3,pritamdeka/S-BioBERT-snli-multinli-stsb,0
0389,unspecified septicemia,Seguranca/Protecao,0.37321916222572327,1,pritamdeka/S-BioBERT-snli-multinli-stsb,1
0389,unspecified septicemia,Percepcao/Cognicao,0.2614198923110962,2,pritamdeka/S-BioBERT-snli-multinli-stsb,0
0389,unspecified septicemia,Nutricao,0.18905457854270935,3,pritamdeka/S-BioBERT-snli-multinli-stsb,0
5533,diaphragmatic hernia without mention of obstruction or gangrene,Seguranca/Protecao,0.22728756070137024,1,pritamdeka/S-BioBERT-snli-multinli-stsb,1
5533,diaphragmatic hernia without mention of obstruction or gangrene,Atividade/Repouso,0.2263200283050537,2,pritamdeka/S-BioBERT-snli-multinli-stsb,0
5533,diaphragmatic hernia without mention of obstruction or gangrene,Percepcao/Cognicao,0.18477168679237366,3,pritamdeka/S-BioBERT-snli-multinli-stsb,0
5934,other ureteric obstruction,Eliminacao e Troca,0.5618953704833984,1,pritamdeka/S-BioBERT-snli-multinli-stsb,1
5934,other ureteric obstruction,Nutricao,0.36725059151649475,2,pritamdeka/S-BioBERT-snli-multinli-stsb,0
5934,other ureteric obstruction,Atividade/Repouso,0.31337833404541016,3,pritamdeka/S-BioBERT-snli-multinli-stsb,0
59972,microscopic hematuria,Eliminacao e Troca,0.3709254562854767,1,pritamdeka/S-BioBERT-snli-multinli-stsb,1
59972,microscopic hematuria,Nutricao,0.3008519411087036,2,pritamdeka/S-BioBERT-snli-multinli-stsb,0
59972,microscopic hematuria,Percepcao/Cognicao,0.2028251439332962,3,pritamdeka/S-BioBERT-snli-multinli-stsb,0
V0481,need for prophylactic vaccination and inoculation against influenza,Promocao da Saude,0.4057307839393616,1,pritamdeka/S-BioBERT-snli-multinli-stsb,1
V0481,need for prophylactic vaccination and inoculation against influenza,Seguranca/Protecao,0.38547927141189575,2,pritamdeka/S-BioBERT-snli-multinli-stsb,0
V0481,need for prophylactic vaccination and inoculation against influenza,Atividade/Repouso,0.304801881313324,3,pritamdeka/S-BioBERT-snli-multinli-stsb,0
V443,unspecified car occupant injured in collision with heavy transport vehicle or bus in nontraffic accident,Percepcao/Cognicao,0.12096209824085236,1,pritamdeka/S-BioBERT-snli-multinli-stsb,1
V443,unspecified car occupant injured in collision with heavy transport vehicle or bus in nontraffic accident,Seguranca/Protecao,0.11210855096578598,2,pritamdeka/S-BioBERT-snli-multinli-stsb,0
V443,unspecified car occupant injured in collision with heavy transport vehicle or bus in nontraffic accident,Atividade/Repouso,0.07620374113321304,3,pritamdeka/S-BioBERT-snli-multinli-stsb,0
V454,person boarding or alighting a car injured in collision with railway train or railway vehicle,Seguranca/Protecao,0.17194655537605286,1,pritamdeka/S-BioBERT-snli-multinli-stsb,1
V454,person boarding or alighting a car injured in collision with railway train or railway vehicle,Percepcao/Cognicao,0.15221187472343445,2,pritamdeka/S-BioBERT-snli-multinli-stsb,0
V454,person boarding or alighting a car injured in collision with railway train or railway vehicle,Atividade/Repouso,0.13038486242294312,3,pritamdeka/S-BioBERT-snli-multinli-stsb,0
04111,methicillin susceptible staphylococcus aureus in conditions classified elsewhere and of unspecified site,Seguranca/Protecao,0.26762866973876953,1,pritamdeka/S-BioBERT-snli-multinli-stsb,1
04111,methicillin susceptible staphylococcus aureus in conditions classified elsewhere and of unspecified site,Enfrentamento/Tolerancia ao Estresse,0.20370937883853912,2,pritamdeka/S-BioBERT-snli-multinli-stsb,0
04111,methicillin susceptible staphylococcus aureus in conditions classified elsewhere and of unspecified site,Autopercepcao,0.1963920295238495,3,pritamdeka/S-BioBERT-snli-multinli-stsb,0
2767,hyperpotassemia,Nutricao,0.23863646388053894,1,pritamdeka/S-BioBERT-snli-multinli-stsb,1
2767,hyperpotassemia,Crescimento/Desenvolvimento,0.22394467890262604,2,pritamdeka/S-BioBERT-snli-multinli-stsb,0
2767,hyperpotassemia,Atividade/Repouso,0.17992287874221802,3,pritamdeka/S-BioBERT-snli-multinli-stsb,0
45383,"acute venous embolism and thrombosis of upper extremity, unspecified",Seguranca/Protecao,0.27069222927093506,1,pritamdeka/S-BioBERT-snli-multinli-stsb,1
45383,"acute venous embolism and thrombosis of upper extremity, unspecified",Percepcao/Cognicao,0.21839715540409088,2,pritamdeka/S-BioBERT-snli-multinli-stsb,0
45383,"acute venous embolism and thrombosis of upper extremity, unspecified",Atividade/Repouso,0.2054254710674286,3,pritamdeka/S-BioBERT-snli-multinli-stsb,0
5305,dyskinesia of esophagus,Eliminacao e Troca,0.3551756739616394,1,pritamdeka/S-BioBERT-snli-multinli-stsb,1
5305,dyskinesia of esophagus,Atividade/Repouso,0.3395196199417114,2,pritamdeka/S-BioBERT-snli-multinli-stsb,0
5305,dyskinesia of esophagus,Nutricao,0.2762909531593323,3,pritamdeka/S-BioBERT-snli-multinli-stsb,0
78830,"urinary incontinence, unspecified",Eliminacao e Troca,0.3798479735851288,1,pritamdeka/S-BioBERT-snli-multinli-stsb,1
78830,"urinary incontinence, unspecified",Sexualidade,0.32167088985443115,2,pritamdeka/S-BioBERT-snli-multinli-stsb,0
78830,"urinary incontinence, unspecified",Nutricao,0.2875032424926758,3,pritamdeka/S-BioBERT-snli-multinli-stsb,0
V4972,other toe(s) amputation status,Percepcao/Cognicao,0.20356164872646332,1,pritamdeka/S-BioBERT-snli-multinli-stsb,1
V4972,other toe(s) amputation status,Autopercepcao,0.16569767892360687,2,pritamdeka/S-BioBERT-snli-multinli-stsb,0
V4972,other toe(s) amputation status,Eliminacao e Troca,0.1534256935119629,3,pritamdeka/S-BioBERT-snli-multinli-stsb,0
0383,septicemia due to anaerobes,Seguranca/Protecao,0.3798910975456238,1,pritamdeka/S-BioBERT-snli-multinli-stsb,1
0383,septicemia due to anaerobes,Nutricao,0.30295562744140625,2,pritamdeka/S-BioBERT-snli-multinli-stsb,0
0383,septicemia due to anaerobes,Eliminacao e Troca,0.2645282745361328,3,pritamdeka/S-BioBERT-snli-multinli-stsb,0
03842,septicemia due to escherichia coli [e. coli],Seguranca/Protecao,0.32389676570892334,1,pritamdeka/S-BioBERT-snli-multinli-stsb,1
03842,septicemia due to escherichia coli [e. coli],Eliminacao e Troca,0.26628148555755615,2,pritamdeka/S-BioBERT-snli-multinli-stsb,0
03842,septicemia due to escherichia coli [e. coli],Percepcao/Cognicao,0.22131437063217163,3,pritamdeka/S-BioBERT-snli-multinli-stsb,0
3940,mitral stenosis,Atividade/Repouso,0.36533793807029724,1,pritamdeka/S-BioBERT-snli-multinli-stsb,1
3940,mitral stenosis,Eliminacao e Troca,0.24888908863067627,2,pritamdeka/S-BioBERT-snli-multinli-stsb,0
3940,mitral stenosis,Principios Vitais,0.2465498298406601,3,pritamdeka/S-BioBERT-snli-multinli-stsb,0
4149,"chronic ischemic heart disease, unspecified",Atividade/Repouso,0.4198375940322876,1,pritamdeka/S-BioBERT-snli-multinli-stsb,1
4149,"chronic ischemic heart disease, unspecified",Percepcao/Cognicao,0.3089575469493866,2,pritamdeka/S-BioBERT-snli-multinli-stsb,0
4149,"chronic ischemic heart disease, unspecified",Eliminacao e Troca,0.29924923181533813,3,pritamdeka/S-BioBERT-snli-multinli-stsb,0
5778,other specified diseases of pancreas,Conforto,0.3639867901802063,1,pritamdeka/S-BioBERT-snli-multinli-stsb,1
5778,other specified diseases of pancreas,Eliminacao e Troca,0.33576861023902893,2,pritamdeka/S-BioBERT-snli-multinli-stsb,0
5778,other specified diseases of pancreas,Percepcao/Cognicao,0.31433600187301636,3,pritamdeka/S-BioBERT-snli-multinli-stsb,0
7197,difficulty in walking,Conforto,0.31385502219200134,1,pritamdeka/S-BioBERT-snli-multinli-stsb,1
7197,difficulty in walking,Atividade/Repouso,0.30909866094589233,2,pritamdeka/S-BioBERT-snli-multinli-stsb,0
7197,difficulty in walking,Eliminacao e Troca,0.24372780323028564,3,pritamdeka/S-BioBERT-snli-multinli-stsb,0
78451,dysarthria,Eliminacao e Troca,0.30443671345710754,1,pritamdeka/S-BioBERT-snli-multinli-stsb,1
78451,dysarthria,Conforto,0.2822847366333008,2,pritamdeka/S-BioBERT-snli-multinli-stsb,0
78451,dysarthria,Percepcao/Cognicao,0.2532089352607727,3,pritamdeka/S-BioBERT-snli-multinli-stsb,0
V5832,encounter for removal of sutures,Seguranca/Protecao,0.2194347232580185,1,pritamdeka/S-BioBERT-snli-multinli-stsb,1
V5832,encounter for removal of sutures,Autopercepcao,0.2131023406982422,2,pritamdeka/S-BioBERT-snli-multinli-stsb,0
V5832,encounter for removal of sutures,Papeis e Relacionamentos,0.21179071068763733,3,pritamdeka/S-BioBERT-snli-multinli-stsb,0
0388,other specified septicemias,Seguranca/Protecao,0.47324949502944946,1,pritamdeka/S-BioBERT-snli-multinli-stsb,1
0388,other specified septicemias,Percepcao/Cognicao,0.372666597366333,2,pritamdeka/S-BioBERT-snli-multinli-stsb,0
0388,other specified septicemias,Nutricao,0.25712093710899353,3,pritamdeka/S-BioBERT-snli-multinli-stsb,0
2469,unspecified disorder of thyroid,Percepcao/Cognicao,0.2668412923812866,1,pritamdeka/S-BioBERT-snli-multinli-stsb,1
2469,unspecified disorder of thyroid,Seguranca/Protecao,0.24105334281921387,2,pritamdeka/S-BioBERT-snli-multinli-stsb,0
2469,unspecified disorder of thyroid,Enfrentamento/Tolerancia ao Estresse,0.23090671002864838,3,pritamdeka/S-BioBERT-snli-multinli-stsb,0
3004,dysthymic disorder,Enfrentamento/Tolerancia ao Estresse,0.4119323492050171,1,pritamdeka/S-BioBERT-snli-multinli-stsb,1
3004,dysthymic disorder,Percepcao/Cognicao,0.30652159452438354,2,pritamdeka/S-BioBERT-snli-multinli-stsb,0
3004,dysthymic disorder,Autopercepcao,0.29007184505462646,3,pritamdeka/S-BioBERT-snli-multinli-stsb,0
3898,other specified forms of hearing loss,Percepcao/Cognicao,0.4205021858215332,1,pritamdeka/S-BioBERT-snli-multinli-stsb,1
3898,other specified forms of hearing loss,Atividade/Repouso,0.2737851142883301,2,pritamdeka/S-BioBERT-snli-multinli-stsb,0
3898,other specified forms of hearing loss,Enfrentamento/Tolerancia ao Estresse,0.25644803047180176,3,pritamdeka/S-BioBERT-snli-multinli-stsb,0
4263,other left bundle branch block,Atividade/Repouso,0.24541166424751282,1,pritamdeka/S-BioBERT-snli-multinli-stsb,1
4263,other left bundle branch block,Eliminacao e Troca,0.22462505102157593,2,pritamdeka/S-BioBERT-snli-multinli-stsb,0
4263,other left bundle branch block,Percepcao/Cognicao,0.2026233971118927,3,pritamdeka/S-BioBERT-snli-multinli-stsb,0
44489,embolism and thrombosis of other specified artery,Seguranca/Protecao,0.32546156644821167,1,pritamdeka/S-BioBERT-snli-multinli-stsb,1
44489,embolism and thrombosis of other specified artery,Percepcao/Cognicao,0.3240789771080017,2,pritamdeka/S-BioBERT-snli-multinli-stsb,0
44489,embolism and thrombosis of other specified artery,Atividade/Repouso,0.3077690005302429,3,pritamdeka/S-BioBERT-snli-multinli-stsb,0
5781,blood in stool,Eliminacao e Troca,0.3007481098175049,1,pritamdeka/S-BioBERT-snli-multinli-stsb,1
5781,blood in stool,Nutricao,0.2705133557319641,2,pritamdeka/S-BioBERT-snli-multinli-stsb,0
5781,blood in stool,Percepcao/Cognicao,0.16390958428382874,3,pritamdeka/S-BioBERT-snli-multinli-stsb,0
36230,"retinal vascular occlusion, unspecified",Percepcao/Cognicao,0.2518818974494934,1,pritamdeka/S-BioBERT-snli-multinli-stsb,1
36230,"retinal vascular occlusion, unspecified",Seguranca/Protecao,0.19513267278671265,2,pritamdeka/S-BioBERT-snli-multinli-stsb,0
36230,"retinal vascular occlusion, unspecified",Nutricao,0.1873263120651245,3,pritamdeka/S-BioBERT-snli-multinli-stsb,0
3659,unspecified glaucoma,Atividade/Repouso,0.22969715297222137,1,pritamdeka/S-BioBERT-snli-multinli-stsb,1
3659,unspecified glaucoma,Percepcao/Cognicao,0.22346490621566772,2,pritamdeka/S-BioBERT-snli-multinli-stsb,0
3659,unspecified glaucoma,Nutricao,0.2150685042142868,3,pritamdeka/S-BioBERT-snli-multinli-stsb,0
4439,"peripheral vascular disease, unspecified",Atividade/Repouso,0.24994653463363647,1,pritamdeka/S-BioBERT-snli-multinli-stsb,1
4439,"peripheral vascular disease, unspecified",Percepcao/Cognicao,0.23283523321151733,2,pritamdeka/S-BioBERT-snli-multinli-stsb,0
4439,"peripheral vascular disease, unspecified",Eliminacao e Troca,0.19859418272972107,3,pritamdeka/S-BioBERT-snli-multinli-stsb,0
6202,other and unspecified ovarian cyst,Percepcao/Cognicao,0.2634976804256439,1,pritamdeka/S-BioBERT-snli-multinli-stsb,1
6202,other and unspecified ovarian cyst,Sexualidade,0.25097715854644775,2,pritamdeka/S-BioBERT-snli-multinli-stsb,0
6202,other and unspecified ovarian cyst,Eliminacao e Troca,0.2464502453804016,3,pritamdeka/S-BioBERT-snli-multinli-stsb,0
7813,lack of coordination,Atividade/Repouso,0.2674490511417389,1,pritamdeka/S-BioBERT-snli-multinli-stsb,1
7813,lack of coordination,Crescimento/Desenvolvimento,0.2524777054786682,2,pritamdeka/S-BioBERT-snli-multinli-stsb,0
7813,lack of coordination,Conforto,0.23662765324115753,3,pritamdeka/S-BioBERT-snli-multinli-stsb,0
E8150,other motor vehicle traffic accident involving collision on the highway injuring driver of motor vehicle other than motorcycle,Percepcao/Cognicao,0.21120092272758484,1,pritamdeka/S-BioBERT-snli-multinli-stsb,1
E8150,other motor vehicle traffic accident involving collision on the highway injuring driver of motor vehicle other than motorcycle,Atividade/Repouso,0.12657630443572998,2,pritamdeka/S-BioBERT-snli-multinli-stsb,0
E8150,other motor vehicle traffic accident involving collision on the highway injuring driver of motor vehicle other than motorcycle,Seguranca/Protecao,0.10122344642877579,3,pritamdeka/S-BioBERT-snli-multinli-stsb,0
E8700,"accidental cut, puncture, perforation or hemorrhage during surgical operation",Seguranca/Protecao,0.3865449130535126,1,pritamdeka/S-BioBERT-snli-multinli-stsb,1
E8700,"accidental cut, puncture, perforation or hemorrhage during surgical operation",Percepcao/Cognicao,0.2843729257583618,2,pritamdeka/S-BioBERT-snli-multinli-stsb,0
E8700,"accidental cut, puncture, perforation or hemorrhage during surgical operation",Crescimento/Desenvolvimento,0.19703006744384766,3,pritamdeka/S-BioBERT-snli-multinli-stsb,0
V1204,personal history of methicillin resistant staphylococcus aureus,Enfrentamento/Tolerancia ao Estresse,0.20165103673934937,1,pritamdeka/S-BioBERT-snli-multinli-stsb,1
V1204,personal history of methicillin resistant staphylococcus aureus,Autopercepcao,0.19035375118255615,2,pritamdeka/S-BioBERT-snli-multinli-stsb,0
V1204,personal history of methicillin resistant staphylococcus aureus,Seguranca/Protecao,0.18410402536392212,3,pritamdeka/S-BioBERT-snli-multinli-stsb,0
V163,person boarding or alighting a pedal cycle injured in collision with other nonmotor vehicle in nontraffic accident,Atividade/Repouso,0.3181312084197998,1,pritamdeka/S-BioBERT-snli-multinli-stsb,1
V163,person boarding or alighting a pedal cycle injured in collision with other nonmotor vehicle in nontraffic accident,Seguranca/Protecao,0.13319937884807587,2,pritamdeka/S-BioBERT-snli-multinli-stsb,0
V163,person boarding or alighting a pedal cycle injured in collision with other nonmotor vehicle in nontraffic accident,Conforto,0.10456810891628265,3,pritamdeka/S-BioBERT-snli-multinli-stsb,0
V641,passenger in heavy transport vehicle injured in collision with heavy transport vehicle or bus in nontraffic accident,Atividade/Repouso,0.18282370269298553,1,pritamdeka/S-BioBERT-snli-multinli-stsb,1
V641,passenger in heavy transport vehicle injured in collision with heavy transport vehicle or bus in nontraffic accident,Seguranca/Protecao,0.15906493365764618,2,pritamdeka/S-BioBERT-snli-multinli-stsb,0
V641,passenger in heavy transport vehicle injured in collision with heavy transport vehicle or bus in nontraffic accident,Percepcao/Cognicao,0.1585116684436798,3,pritamdeka/S-BioBERT-snli-multinli-stsb,0
V667,person on outside of heavy transport vehicle injured in collision with other nonmotor vehicle in traffic accident,Atividade/Repouso,0.19735553860664368,1,pritamdeka/S-BioBERT-snli-multinli-stsb,1
V667,person on outside of heavy transport vehicle injured in collision with other nonmotor vehicle in traffic accident,Percepcao/Cognicao,0.13948963582515717,2,pritamdeka/S-BioBERT-snli-multinli-stsb,0
V667,person on outside of heavy transport vehicle injured in collision with other nonmotor vehicle in traffic accident,Seguranca/Protecao,0.13480761647224426,3,pritamdeka/S-BioBERT-snli-multinli-stsb,0
4592,compression of vein,Conforto,0.28198808431625366,1,pritamdeka/S-BioBERT-snli-multinli-stsb,1
4592,compression of vein,Atividade/Repouso,0.19476695358753204,2,pritamdeka/S-BioBERT-snli-multinli-stsb,0
4592,compression of vein,Percepcao/Cognicao,0.16088728606700897,3,pritamdeka/S-BioBERT-snli-multinli-stsb,0
56889,other specified disorders of peritoneum,Eliminacao e Troca,0.434154212474823,1,pritamdeka/S-BioBERT-snli-multinli-stsb,1
56889,other specified disorders of peritoneum,Nutricao,0.3758690655231476,2,pritamdeka/S-BioBERT-snli-multinli-stsb,0
56889,other specified disorders of peritoneum,Conforto,0.35405436158180237,3,pritamdeka/S-BioBERT-snli-multinli-stsb,0
3484,compression of brain,Percepcao/Cognicao,0.34257322549819946,1,pritamdeka/S-BioBERT-snli-multinli-stsb,1
3484,compression of brain,Crescimento/Desenvolvimento,0.25574761629104614,2,pritamdeka/S-BioBERT-snli-multinli-stsb,0
3484,compression of brain,Conforto,0.25203579664230347,3,pritamdeka/S-BioBERT-snli-multinli-stsb,0
5559,regional enteritis of unspecified site,Seguranca/Protecao,0.24627065658569336,1,pritamdeka/S-BioBERT-snli-multinli-stsb,1
5559,regional enteritis of unspecified site,Eliminacao e Troca,0.2381933629512787,2,pritamdeka/S-BioBERT-snli-multinli-stsb,0
5559,regional enteritis of unspecified site,Nutricao,0.19008195400238037,3,pritamdeka/S-BioBERT-snli-multinli-stsb,0
60001,hypertrophy (benign) of prostate with urinary obstruction and other lower urinary tract symptoms (luts),Eliminacao e Troca,0.4056832194328308,1,pritamdeka/S-BioBERT-snli-multinli-stsb,1
60001,hypertrophy (benign) of prostate with urinary obstruction and other lower urinary tract symptoms (luts),Sexualidade,0.3230152726173401,2,pritamdeka/S-BioBERT-snli-multinli-stsb,0
60001,hypertrophy (benign) of prostate with urinary obstruction and other lower urinary tract symptoms (luts),Conforto,0.30911311507225037,3,pritamdeka/S-BioBERT-snli-multinli-stsb,0
E8788,"other specified surgical operations and procedures causing abnormal patient reaction, or later complication, without mention of misadventure at time of operation",Seguranca/Protecao,0.31412798166275024,1,pritamdeka/S-BioBERT-snli-multinli-stsb,1
E8788,"other specified surgical operations and procedures causing abnormal patient reaction, or later complication, without mention of misadventure at time of operation",Percepcao/Cognicao,0.22003185749053955,2,pritamdeka/S-BioBERT-snli-multinli-stsb,0
E8788,"other specified surgical operations and procedures causing abnormal patient reaction, or later complication, without mention of misadventure at time of operation",Enfrentamento/Tolerancia ao Estresse,0.2172880321741104,3,pritamdeka/S-BioBERT-snli-multinli-stsb,0
2866,defibrination syndrome,Eliminacao e Troca,0.4666140079498291,1,pritamdeka/S-BioBERT-snli-multinli-stsb,1
2866,defibrination syndrome,Nutricao,0.3282349109649658,2,pritamdeka/S-BioBERT-snli-multinli-stsb,0
2866,defibrination syndrome,Sexualidade,0.32023969292640686,3,pritamdeka/S-BioBERT-snli-multinli-stsb,0
28860,"leukocytosis, unspecified",Percepcao/Cognicao,0.2334338128566742,1,pritamdeka/S-BioBERT-snli-multinli-stsb,1
28860,"leukocytosis, unspecified",Nutricao,0.2132023274898529,2,pritamdeka/S-BioBERT-snli-multinli-stsb,0
28860,"leukocytosis, unspecified",Seguranca/Protecao,0.2104201316833496,3,pritamdeka/S-BioBERT-snli-multinli-stsb,0
3899,unspecified hearing loss,Percepcao/Cognicao,0.25735557079315186,1,pritamdeka/S-BioBERT-snli-multinli-stsb,1
3899,unspecified hearing loss,Promocao da Saude,0.18348634243011475,2,pritamdeka/S-BioBERT-snli-multinli-stsb,0
3899,unspecified hearing loss,Seguranca/Protecao,0.1629573106765747,3,pritamdeka/S-BioBERT-snli-multinli-stsb,0
53081,esophageal reflux,Eliminacao e Troca,0.4141887426376343,1,pritamdeka/S-BioBERT-snli-multinli-stsb,1
53081,esophageal reflux,Atividade/Repouso,0.4042913019657135,2,pritamdeka/S-BioBERT-snli-multinli-stsb,0
53081,esophageal reflux,Nutricao,0.3502335250377655,3,pritamdeka/S-BioBERT-snli-multinli-stsb,0
55329,other ventral hernia without mention of obstruction or gangrene,Sexualidade,0.22529450058937073,1,pritamdeka/S-BioBERT-snli-multinli-stsb,1
55329,other ventral hernia without mention of obstruction or gangrene,Eliminacao e Troca,0.2146167755126953,2,pritamdeka/S-BioBERT-snli-multinli-stsb,0
55329,other ventral hernia without mention of obstruction or gangrene,Percepcao/Cognicao,0.19740505516529083,3,pritamdeka/S-BioBERT-snli-multinli-stsb,0
71536,"osteoarthrosis, localized, not specified whether primary or secondary, lower leg",Atividade/Repouso,0.26395848393440247,1,pritamdeka/S-BioBERT-snli-multinli-stsb,1
71536,"osteoarthrosis, localized, not specified whether primary or secondary, lower leg",Conforto,0.24461910128593445,2,pritamdeka/S-BioBERT-snli-multinli-stsb,0
71536,"osteoarthrosis, localized, not specified whether primary or secondary, lower leg",Eliminacao e Troca,0.22356998920440674,3,pritamdeka/S-BioBERT-snli-multinli-stsb,0
2662,other b-complex deficiencies,Nutricao,0.3666651248931885,1,pritamdeka/S-BioBERT-snli-multinli-stsb,1
2662,other b-complex deficiencies,Crescimento/Desenvolvimento,0.3540096879005432,2,pritamdeka/S-BioBERT-snli-multinli-stsb,0
2662,other b-complex deficiencies,Eliminacao e Troca,0.32513242959976196,3,pritamdeka/S-BioBERT-snli-multinli-stsb,0
37950,"nystagmus, unspecified",Nutricao,0.2336340695619583,1,pritamdeka/S-BioBERT-snli-multinli-stsb,1
37950,"nystagmus, unspecified",Percepcao/Cognicao,0.23110738396644592,2,pritamdeka/S-BioBERT-snli-multinli-stsb,0
37950,"nystagmus, unspecified",Eliminacao e Troca,0.21239997446537018,3,pritamdeka/S-BioBERT-snli-multinli-stsb,0
41071,"subendocardial infarction, initial episode of care",Atividade/Repouso,0.3347597122192383,1,pritamdeka/S-BioBERT-snli-multinli-stsb,1
41071,"subendocardial infarction, initial episode of care",Seguranca/Protecao,0.30437344312667847,2,pritamdeka/S-BioBERT-snli-multinli-stsb,0
41071,"subendocardial infarction, initial episode of care",Percepcao/Cognicao,0.2967606782913208,3,pritamdeka/S-BioBERT-snli-multinli-stsb,0
4558,unspecified hemorrhoids with other complication,Seguranca/Protecao,0.31119537353515625,1,pritamdeka/S-BioBERT-snli-multinli-stsb,1
4558,unspecified hemorrhoids with other complication,Eliminacao e Troca,0.26395612955093384,2,pritamdeka/S-BioBERT-snli-multinli-stsb,0
4558,unspecified hemorrhoids with other complication,Percepcao/Cognicao,0.26102176308631897,3,pritamdeka/S-BioBERT-snli-multinli-stsb,0
71596,"osteoarthrosis, unspecified whether generalized or localized, lower leg",Atividade/Repouso,0.23765647411346436,1,pritamdeka/S-BioBERT-snli-multinli-stsb,1
71596,"osteoarthrosis, unspecified whether generalized or localized, lower leg",Seguranca/Protecao,0.2061568647623062,2,pritamdeka/S-BioBERT-snli-multinli-stsb,0
71596,"osteoarthrosis, unspecified whether generalized or localized, lower leg",Eliminacao e Troca,0.20235979557037354,3,pritamdeka/S-BioBERT-snli-multinli-stsb,0
E8781,"surgical operation with implant of artificial internal device causing abnormal patient reaction, or later complication,without mention of misadventure at time of operation",Seguranca/Protecao,0.3019199073314667,1,pritamdeka/S-BioBERT-snli-multinli-stsb,1
E8781,"surgical operation with implant of artificial internal device causing abnormal patient reaction, or later complication,without mention of misadventure at time of operation",Percepcao/Cognicao,0.20911642909049988,2,pritamdeka/S-BioBERT-snli-multinli-stsb,0
E8781,"surgical operation with implant of artificial internal device causing abnormal patient reaction, or later complication,without mention of misadventure at time of operation",Atividade/Repouso,0.19212889671325684,3,pritamdeka/S-BioBERT-snli-multinli-stsb,0
E9289,unspecified accident,Seguranca/Protecao,0.22249682247638702,1,pritamdeka/S-BioBERT-snli-multinli-stsb,1
E9289,unspecified accident,Percepcao/Cognicao,0.17881792783737183,2,pritamdeka/S-BioBERT-snli-multinli-stsb,0
E9289,unspecified accident,Atividade/Repouso,0.11677730083465576,3,pritamdeka/S-BioBERT-snli-multinli-stsb,0
V0179,contact with or exposure to other viral diseases,Seguranca/Protecao,0.3693333566188812,1,pritamdeka/S-BioBERT-snli-multinli-stsb,1
V0179,contact with or exposure to other viral diseases,Sexualidade,0.36811065673828125,2,pritamdeka/S-BioBERT-snli-multinli-stsb,0
V0179,contact with or exposure to other viral diseases,Percepcao/Cognicao,0.340969979763031,3,pritamdeka/S-BioBERT-snli-multinli-stsb,0
V1272,personal history of colonic polyps,Eliminacao e Troca,0.2727561295032501,1,pritamdeka/S-BioBERT-snli-multinli-stsb,1
V1272,personal history of colonic polyps,Conforto,0.2587521970272064,2,pritamdeka/S-BioBERT-snli-multinli-stsb,0
V1272,personal history of colonic polyps,Percepcao/Cognicao,0.2084982842206955,3,pritamdeka/S-BioBERT-snli-multinli-stsb,0
2720,pure hypercholesterolemia,Promocao da Saude,0.1588364988565445,1,pritamdeka/S-BioBERT-snli-multinli-stsb,1
2720,pure hypercholesterolemia,Atividade/Repouso,0.1492106318473816,2,pritamdeka/S-BioBERT-snli-multinli-stsb,0
2720,pure hypercholesterolemia,Eliminacao e Troca,0.14216484129428864,3,pritamdeka/S-BioBERT-snli-multinli-stsb,0
31401,attention deficit disorder with hyperactivity,Enfrentamento/Tolerancia ao Estresse,0.28368109464645386,1,pritamdeka/S-BioBERT-snli-multinli-stsb,1
31401,attention deficit disorder with hyperactivity,Percepcao/Cognicao,0.2373838722705841,2,pritamdeka/S-BioBERT-snli-multinli-stsb,0
31401,attention deficit disorder with hyperactivity,Atividade/Repouso,0.2184821367263794,3,pritamdeka/S-BioBERT-snli-multinli-stsb,0
43491,"cerebral artery occlusion, unspecified with cerebral infarction",Percepcao/Cognicao,0.3787009119987488,1,pritamdeka/S-BioBERT-snli-multinli-stsb,1
43491,"cerebral artery occlusion, unspecified with cerebral infarction",Seguranca/Protecao,0.20165178179740906,2,pritamdeka/S-BioBERT-snli-multinli-stsb,0
43491,"cerebral artery occlusion, unspecified with cerebral infarction",Atividade/Repouso,0.17695403099060059,3,pritamdeka/S-BioBERT-snli-multinli-stsb,0
53012,acute esophagitis,Eliminacao e Troca,0.2986679673194885,1,pritamdeka/S-BioBERT-snli-multinli-stsb,1
53012,acute esophagitis,Atividade/Repouso,0.2804871201515198,2,pritamdeka/S-BioBERT-snli-multinli-stsb,0
53012,acute esophagitis,Nutricao,0.2617937922477722,3,pritamdeka/S-BioBERT-snli-multinli-stsb,0
71535,"osteoarthrosis, localized, not specified whether primary or secondary, pelvic region and thigh",Sexualidade,0.2564554214477539,1,pritamdeka/S-BioBERT-snli-multinli-stsb,1
71535,"osteoarthrosis, localized, not specified whether primary or secondary, pelvic region and thigh",Eliminacao e Troca,0.2511061429977417,2,pritamdeka/S-BioBERT-snli-multinli-stsb,0
71535,"osteoarthrosis, localized, not specified whether primary or secondary, pelvic region and thigh",Conforto,0.2487318515777588,3,pritamdeka/S-BioBERT-snli-multinli-stsb,0
7830,anorexia,Nutricao,0.44362032413482666,1,pritamdeka/S-BioBERT-snli-multinli-stsb,1
7830,anorexia,Eliminacao e Troca,0.317841500043869,2,pritamdeka/S-BioBERT-snli-multinli-stsb,0
7830,anorexia,Crescimento/Desenvolvimento,0.25531795620918274,3,pritamdeka/S-BioBERT-snli-multinli-stsb,0
78321,loss of weight,Nutricao,0.30960607528686523,1,pritamdeka/S-BioBERT-snli-multinli-stsb,1
78321,loss of weight,Autopercepcao,0.254390150308609,2,pritamdeka/S-BioBERT-snli-multinli-stsb,0
78321,loss of weight,Eliminacao e Troca,0.23477265238761902,3,pritamdeka/S-BioBERT-snli-multinli-stsb,0
E8120,other motor vehicle traffic accident involving collision with motor vehicle injuring driver of motor vehicle other than motorcycle,Percepcao/Cognicao,0.1850406974554062,1,pritamdeka/S-BioBERT-snli-multinli-stsb,1
E8120,other motor vehicle traffic accident involving collision with motor vehicle injuring driver of motor vehicle other than motorcycle,Atividade/Repouso,0.11246845126152039,2,pritamdeka/S-BioBERT-snli-multinli-stsb,0
E8120,other motor vehicle traffic accident involving collision with motor vehicle injuring driver of motor vehicle other than motorcycle,Enfrentamento/Tolerancia ao Estresse,0.07720940560102463,3,pritamdeka/S-BioBERT-snli-multinli-stsb,0
V8531,"body mass index 31.0-31.9, adult",Atividade/Repouso,0.26117825508117676,1,pritamdeka/S-BioBERT-snli-multinli-stsb,1
V8531,"body mass index 31.0-31.9, adult",Autopercepcao,0.24692954123020172,2,pritamdeka/S-BioBERT-snli-multinli-stsb,0
V8531,"body mass index 31.0-31.9, adult",Nutricao,0.24089272320270538,3,pritamdeka/S-BioBERT-snli-multinli-stsb,0
4254,other primary cardiomyopathies,Atividade/Repouso,0.48191037774086,1,pritamdeka/S-BioBERT-snli-multinli-stsb,1
4254,other primary cardiomyopathies,Conforto,0.3347492218017578,2,pritamdeka/S-BioBERT-snli-multinli-stsb,0
4254,other primary cardiomyopathies,Eliminacao e Troca,0.3267623484134674,3,pritamdeka/S-BioBERT-snli-multinli-stsb,0
4400,atherosclerosis of aorta,Atividade/Repouso,0.31409090757369995,1,pritamdeka/S-BioBERT-snli-multinli-stsb,1
4400,atherosclerosis of aorta,Eliminacao e Troca,0.23983776569366455,2,pritamdeka/S-BioBERT-snli-multinli-stsb,0
4400,atherosclerosis of aorta,Enfrentamento/Tolerancia ao Estresse,0.23934626579284668,3,pritamdeka/S-BioBERT-snli-multinli-stsb,0
5070,pneumonitis due to inhalation of food or vomitus,Nutricao,0.3102349638938904,1,pritamdeka/S-BioBERT-snli-multinli-stsb,1
5070,pneumonitis due to inhalation of food or vomitus,Conforto,0.3097366690635681,2,pritamdeka/S-BioBERT-snli-multinli-stsb,0
5070,pneumonitis due to inhalation of food or vomitus,Atividade/Repouso,0.2982081472873688,3,pritamdeka/S-BioBERT-snli-multinli-stsb,0
7810,abnormal involuntary movements,Atividade/Repouso,0.35883617401123047,1,pritamdeka/S-BioBERT-snli-multinli-stsb,1
7810,abnormal involuntary movements,Percepcao/Cognicao,0.30739131569862366,2,pritamdeka/S-BioBERT-snli-multinli-stsb,0
7810,abnormal involuntary movements,Eliminacao e Troca,0.29796236753463745,3,pritamdeka/S-BioBERT-snli-multinli-stsb,0
V462,person on outside of car injured in collision with other nonmotor vehicle in nontraffic accident,Atividade/Repouso,0.11380106210708618,1,pritamdeka/S-BioBERT-snli-multinli-stsb,1
V462,person on outside of car injured in collision with other nonmotor vehicle in nontraffic accident,Percepcao/Cognicao,0.11261841654777527,2,pritamdeka/S-BioBERT-snli-multinli-stsb,0
V462,person on outside of car injured in collision with other nonmotor vehicle in nontraffic accident,Seguranca/Protecao,0.08508900552988052,3,pritamdeka/S-BioBERT-snli-multinli-stsb,0
2752,disorders of magnesium metabolism,Nutricao,0.40104907751083374,1,pritamdeka/S-BioBERT-snli-multinli-stsb,1
2752,disorders of magnesium metabolism,Enfrentamento/Tolerancia ao Estresse,0.27848005294799805,2,pritamdeka/S-BioBERT-snli-multinli-stsb,0
2752,disorders of magnesium metabolism,Conforto,0.26494693756103516,3,pritamdeka/S-BioBERT-snli-multinli-stsb,0
6926,contact dermatitis and other eczema due to plants [except food],Seguranca/Protecao,0.32429182529449463,1,pritamdeka/S-BioBERT-snli-multinli-stsb,1
6926,contact dermatitis and other eczema due to plants [except food],Percepcao/Cognicao,0.3114432692527771,2,pritamdeka/S-BioBERT-snli-multinli-stsb,0
6926,contact dermatitis and other eczema due to plants [except food],Nutricao,0.2737712860107422,3,pritamdeka/S-BioBERT-snli-multinli-stsb,0
71650,"unspecified polyarthropathy or polyarthritis, site unspecified",Eliminacao e Troca,0.2996692657470703,1,pritamdeka/S-BioBERT-snli-multinli-stsb,1
71650,"unspecified polyarthropathy or polyarthritis, site unspecified",Atividade/Repouso,0.28466734290122986,2,pritamdeka/S-BioBERT-snli-multinli-stsb,0
71650,"unspecified polyarthropathy or polyarthritis, site unspecified",Conforto,0.26725274324417114,3,pritamdeka/S-BioBERT-snli-multinli-stsb,0
7530,renal agenesis and dysgenesis,Eliminacao e Troca,0.47635412216186523,1,pritamdeka/S-BioBERT-snli-multinli-stsb,1
7530,renal agenesis and dysgenesis,Crescimento/Desenvolvimento,0.4284427762031555,2,pritamdeka/S-BioBERT-snli-multinli-stsb,0
7530,renal agenesis and dysgenesis,Nutricao,0.34071940183639526,3,pritamdeka/S-BioBERT-snli-multinli-stsb,0
04112,methicillin resistant staphylococcus aureus in conditions classified elsewhere and of unspecified site,Seguranca/Protecao,0.2773941457271576,1,pritamdeka/S-BioBERT-snli-multinli-stsb,1
04112,methicillin resistant staphylococcus aureus in conditions classified elsewhere and of unspecified site,Enfrentamento/Tolerancia ao Estresse,0.23603761196136475,2,pritamdeka/S-BioBERT-snli-multinli-stsb,0
04112,methicillin resistant staphylococcus aureus in conditions classified elsewhere and of unspecified site,Autopercepcao,0.17404480278491974,3,pritamdeka/S-BioBERT-snli-multinli-stsb,0
2753,disorders of phosphorus metabolism,Nutricao,0.3274949789047241,1,pritamdeka/S-BioBERT-snli-multinli-stsb,1
2753,disorders of phosphorus metabolism,Conforto,0.29822665452957153,2,pritamdeka/S-BioBERT-snli-multinli-stsb,0
2753,disorders of phosphorus metabolism,Atividade/Repouso,0.2876565456390381,3,pritamdeka/S-BioBERT-snli-multinli-stsb,0
2764,mixed acid-base balance disorder,Nutricao,0.4574391841888428,1,pritamdeka/S-BioBERT-snli-multinli-stsb,1
2764,mixed acid-base balance disorder,Eliminacao e Troca,0.40315476059913635,2,pritamdeka/S-BioBERT-snli-multinli-stsb,0
2764,mixed acid-base balance disorder,Atividade/Repouso,0.3434605896472931,3,pritamdeka/S-BioBERT-snli-multinli-stsb,0
4238,other specified diseases of pericardium,Atividade/Repouso,0.40608587861061096,1,pritamdeka/S-BioBERT-snli-multinli-stsb,1
4238,other specified diseases of pericardium,Conforto,0.36366361379623413,2,pritamdeka/S-BioBERT-snli-multinli-stsb,0
4238,other specified diseases of pericardium,Percepcao/Cognicao,0.32316648960113525,3,pritamdeka/S-BioBERT-snli-multinli-stsb,0
43310,occlusion and stenosis of carotid artery without mention of cerebral infarction,Percepcao/Cognicao,0.3395029902458191,1,pritamdeka/S-BioBERT-snli-multinli-stsb,1
43310,occlusion and stenosis of carotid artery without mention of cerebral infarction,Atividade/Repouso,0.20125769078731537,2,pritamdeka/S-BioBERT-snli-multinli-stsb,0
43310,occlusion and stenosis of carotid artery without mention of cerebral infarction,Seguranca/Protecao,0.1963805854320526,3,pritamdeka/S-BioBERT-snli-multinli-stsb,0
72989,other musculoskeletal symptoms referable to limbs,Conforto,0.40288522839546204,1,pritamdeka/S-BioBERT-snli-multinli-stsb,1
72989,other musculoskeletal symptoms referable to limbs,Atividade/Repouso,0.37233293056488037,2,pritamdeka/S-BioBERT-snli-multinli-stsb,0
72989,other musculoskeletal symptoms referable to limbs,Eliminacao e Troca,0.356864333152771,3,pritamdeka/S-BioBERT-snli-multinli-stsb,0
99809,"postoperative shock, other",Seguranca/Protecao,0.3931772708892822,1,pritamdeka/S-BioBERT-snli-multinli-stsb,1
99809,"postoperative shock, other",Enfrentamento/Tolerancia ao Estresse,0.33030229806900024,2,pritamdeka/S-BioBERT-snli-multinli-stsb,0
99809,"postoperative shock, other",Percepcao/Cognicao,0.3271942436695099,3,pritamdeka/S-BioBERT-snli-multinli-stsb,0
E8498,accidents occurring in other specified places,Seguranca/Protecao,0.32751667499542236,1,pritamdeka/S-BioBERT-snli-multinli-stsb,1
E8498,accidents occurring in other specified places,Percepcao/Cognicao,0.23910897970199585,2,pritamdeka/S-BioBERT-snli-multinli-stsb,0
E8498,accidents occurring in other specified places,Atividade/Repouso,0.23560568690299988,3,pritamdeka/S-BioBERT-snli-multinli-stsb,0
E8889,other specified metabolic disorders,Nutricao,0.42031025886535645,1,pritamdeka/S-BioBERT-snli-multinli-stsb,1
E8889,other specified metabolic disorders,Atividade/Repouso,0.3760642409324646,2,pritamdeka/S-BioBERT-snli-multinli-stsb,0
E8889,other specified metabolic disorders,Percepcao/Cognicao,0.3702528774738312,3,pritamdeka/S-BioBERT-snli-multinli-stsb,0
V1301,personal history of urinary calculi,Eliminacao e Troca,0.451479971408844,1,pritamdeka/S-BioBERT-snli-multinli-stsb,1
V1301,personal history of urinary calculi,Nutricao,0.27889665961265564,2,pritamdeka/S-BioBERT-snli-multinli-stsb,0
V1301,personal history of urinary calculi,Atividade/Repouso,0.23198771476745605,3,pritamdeka/S-BioBERT-snli-multinli-stsb,0
V153,person boarding or alighting a pedal cycle injured in collision with railway train or railway vehicle,Atividade/Repouso,0.34857070446014404,1,pritamdeka/S-BioBERT-snli-multinli-stsb,1
V153,person boarding or alighting a pedal cycle injured in collision with railway train or railway vehicle,Seguranca/Protecao,0.17304103076457977,2,pritamdeka/S-BioBERT-snli-multinli-stsb,0
V153,person boarding or alighting a pedal cycle injured in collision with railway train or railway vehicle,Conforto,0.1629391610622406,3,pritamdeka/S-BioBERT-snli-multinli-stsb,0
V7283,other specified pre-operative examination,Promocao da Saude,0.2634173631668091,1,pritamdeka/S-BioBERT-snli-multinli-stsb,1
V7283,other specified pre-operative examination,Sexualidade,0.25804972648620605,2,pritamdeka/S-BioBERT-snli-multinli-stsb,0
V7283,other specified pre-operative examination,Seguranca/Protecao,0.24895033240318298,3,pritamdeka/S-BioBERT-snli-multinli-stsb,0
03849,other septicemia due to gram-negative organisms,Seguranca/Protecao,0.4548289477825165,1,pritamdeka/S-BioBERT-snli-multinli-stsb,1
03849,other septicemia due to gram-negative organisms,Nutricao,0.35345259308815,2,pritamdeka/S-BioBERT-snli-multinli-stsb,0
03849,other septicemia due to gram-negative organisms,Percepcao/Cognicao,0.34867554903030396,3,pritamdeka/S-BioBERT-snli-multinli-stsb,0
30500,"alcohol abuse, unspecified",Enfrentamento/Tolerancia ao Estresse,0.20375719666481018,1,pritamdeka/S-BioBERT-snli-multinli-stsb,1
30500,"alcohol abuse, unspecified",Seguranca/Protecao,0.12638667225837708,2,pritamdeka/S-BioBERT-snli-multinli-stsb,0
30500,"alcohol abuse, unspecified",Eliminacao e Troca,0.11992357671260834,3,pritamdeka/S-BioBERT-snli-multinli-stsb,0
38531,cholesteatoma of attic,Percepcao/Cognicao,0.2000659704208374,1,pritamdeka/S-BioBERT-snli-multinli-stsb,1
38531,cholesteatoma of attic,Enfrentamento/Tolerancia ao Estresse,0.15339377522468567,2,pritamdeka/S-BioBERT-snli-multinli-stsb,0
38531,cholesteatoma of attic,Conforto,0.1306372433900833,3,pritamdeka/S-BioBERT-snli-multinli-stsb,0
4940,bronchiectasis without acute exacerbation,Atividade/Repouso,0.2593119740486145,1,pritamdeka/S-BioBERT-snli-multinli-stsb,1
4940,bronchiectasis without acute exacerbation,Eliminacao e Troca,0.21167884767055511,2,pritamdeka/S-BioBERT-snli-multinli-stsb,0
4940,bronchiectasis without acute exacerbation,Enfrentamento/Tolerancia ao Estresse,0.21136382222175598,3,pritamdeka/S-BioBERT-snli-multinli-stsb,0
5370,acquired hypertrophic pyloric stenosis,Eliminacao e Troca,0.2573440670967102,1,pritamdeka/S-BioBERT-snli-multinli-stsb,1
5370,acquired hypertrophic pyloric stenosis,Atividade/Repouso,0.2528492212295532,2,pritamdeka/S-BioBERT-snli-multinli-stsb,0
5370,acquired hypertrophic pyloric stenosis,Conforto,0.22211231291294098,3,pritamdeka/S-BioBERT-snli-multinli-stsb,0
7210,cervical spondylosis without myelopathy,Percepcao/Cognicao,0.3200799822807312,1,pritamdeka/S-BioBERT-snli-multinli-stsb,1
7210,cervical spondylosis without myelopathy,Atividade/Repouso,0.23553363978862762,2,pritamdeka/S-BioBERT-snli-multinli-stsb,0
7210,cervical spondylosis without myelopathy,Conforto,0.22375240921974182,3,pritamdeka/S-BioBERT-snli-multinli-stsb,0
7802,syncope and collapse,Atividade/Repouso,0.42675769329071045,1,pritamdeka/S-BioBERT-snli-multinli-stsb,1
7802,syncope and collapse,Conforto,0.3130585253238678,2,pritamdeka/S-BioBERT-snli-multinli-stsb,0
7802,syncope and collapse,Percepcao/Cognicao,0.31151115894317627,3,pritamdeka/S-BioBERT-snli-multinli-stsb,0
30501,"alcohol abuse, continuous",Enfrentamento/Tolerancia ao Estresse,0.2347157895565033,1,pritamdeka/S-BioBERT-snli-multinli-stsb,1
30501,"alcohol abuse, continuous",Atividade/Repouso,0.16562476754188538,2,pritamdeka/S-BioBERT-snli-multinli-stsb,0
30501,"alcohol abuse, continuous",Eliminacao e Troca,0.15031175315380096,3,pritamdeka/S-BioBERT-snli-multinli-stsb,0
3453,grand mal status,Crescimento/Desenvolvimento,0.34510448575019836,1,pritamdeka/S-BioBERT-snli-multinli-stsb,1
3453,grand mal status,Percepcao/Cognicao,0.2591569423675537,2,pritamdeka/S-BioBERT-snli-multinli-stsb,0
3453,grand mal status,Nutricao,0.23838621377944946,3,pritamdeka/S-BioBERT-snli-multinli-stsb,0
4580,orthostatic hypotension,Atividade/Repouso,0.3904762864112854,1,pritamdeka/S-BioBERT-snli-multinli-stsb,1
4580,orthostatic hypotension,Seguranca/Protecao,0.3146214187145233,2,pritamdeka/S-BioBERT-snli-multinli-stsb,0
4580,orthostatic hypotension,Nutricao,0.29336822032928467,3,pritamdeka/S-BioBERT-snli-multinli-stsb,0
53789,other specified disorders of stomach and duodenum,Eliminacao e Troca,0.4913608133792877,1,pritamdeka/S-BioBERT-snli-multinli-stsb,1
53789,other specified disorders of stomach and duodenum,Nutricao,0.45054084062576294,2,pritamdeka/S-BioBERT-snli-multinli-stsb,0
53789,other specified disorders of stomach and duodenum,Percepcao/Cognicao,0.37012505531311035,3,pritamdeka/S-BioBERT-snli-multinli-stsb,0
6273,postmenopausal atrophic vaginitis,Sexualidade,0.42193710803985596,1,pritamdeka/S-BioBERT-snli-multinli-stsb,1
6273,postmenopausal atrophic vaginitis,Conforto,0.302068293094635,2,pritamdeka/S-BioBERT-snli-multinli-stsb,0
6273,postmenopausal atrophic vaginitis,Eliminacao e Troca,0.2929575741291046,3,pritamdeka/S-BioBERT-snli-multinli-stsb,0
75612,spondylolisthesis,Atividade/Repouso,0.2584550380706787,1,pritamdeka/S-BioBERT-snli-multinli-stsb,1
75612,spondylolisthesis,Conforto,0.2583359479904175,2,pritamdeka/S-BioBERT-snli-multinli-stsb,0
75612,spondylolisthesis,Percepcao/Cognicao,0.25099295377731323,3,pritamdeka/S-BioBERT-snli-multinli-stsb,0
7906,other abnormal blood chemistry,Nutricao,0.33462923765182495,1,pritamdeka/S-BioBERT-snli-multinli-stsb,1
7906,other abnormal blood chemistry,Eliminacao e Troca,0.3158985376358032,2,pritamdeka/S-BioBERT-snli-multinli-stsb,0
7906,other abnormal blood chemistry,Enfrentamento/Tolerancia ao Estresse,0.3137667179107666,3,pritamdeka/S-BioBERT-snli-multinli-stsb,0
V4986,do not resuscitate status,Atividade/Repouso,0.24859760701656342,1,pritamdeka/S-BioBERT-snli-multinli-stsb,1
V4986,do not resuscitate status,Percepcao/Cognicao,0.23042255640029907,2,pritamdeka/S-BioBERT-snli-multinli-stsb,0
V4986,do not resuscitate status,Crescimento/Desenvolvimento,0.22645139694213867,3,pritamdeka/S-BioBERT-snli-multinli-stsb,0
V552,person on outside of pick-up truck or van injured in collision with railway train or railway vehicle in nontraffic accident,Seguranca/Protecao,0.1410917341709137,1,pritamdeka/S-BioBERT-snli-multinli-stsb,1
V552,person on outside of pick-up truck or van injured in collision with railway train or railway vehicle in nontraffic accident,Percepcao/Cognicao,0.11236436665058136,2,pritamdeka/S-BioBERT-snli-multinli-stsb,0
V552,person on outside of pick-up truck or van injured in collision with railway train or railway vehicle in nontraffic accident,Atividade/Repouso,0.07348889857530594,3,pritamdeka/S-BioBERT-snli-multinli-stsb,0
30391,"other and unspecified alcohol dependence, continuous",Enfrentamento/Tolerancia ao Estresse,0.2902524471282959,1,pritamdeka/S-BioBERT-snli-multinli-stsb,1
30391,"other and unspecified alcohol dependence, continuous",Eliminacao e Troca,0.23475098609924316,2,pritamdeka/S-BioBERT-snli-multinli-stsb,0
30391,"other and unspecified alcohol dependence, continuous",Atividade/Repouso,0.1965600550174713,3,pritamdeka/S-BioBERT-snli-multinli-stsb,0
5168,other specified alveolar and parietoalveolar pneumonopathies,Atividade/Repouso,0.2954196333885193,1,pritamdeka/S-BioBERT-snli-multinli-stsb,1
5168,other specified alveolar and parietoalveolar pneumonopathies,Conforto,0.2948417663574219,2,pritamdeka/S-BioBERT-snli-multinli-stsb,0
5168,other specified alveolar and parietoalveolar pneumonopathies,Percepcao/Cognicao,0.2613171637058258,3,pritamdeka/S-BioBERT-snli-multinli-stsb,0
9950,other anaphylactic reaction,Seguranca/Protecao,0.34062764048576355,1,pritamdeka/S-BioBERT-snli-multinli-stsb,1
9950,other anaphylactic reaction,Enfrentamento/Tolerancia ao Estresse,0.25268906354904175,2,pritamdeka/S-BioBERT-snli-multinli-stsb,0
9950,other anaphylactic reaction,Percepcao/Cognicao,0.23922735452651978,3,pritamdeka/S-BioBERT-snli-multinli-stsb,0
99811,hemorrhage complicating a procedure,Seguranca/Protecao,0.3333365321159363,1,pritamdeka/S-BioBERT-snli-multinli-stsb,1
99811,hemorrhage complicating a procedure,Percepcao/Cognicao,0.24704353511333466,2,pritamdeka/S-BioBERT-snli-multinli-stsb,0
99811,hemorrhage complicating a procedure,Atividade/Repouso,0.23160232603549957,3,pritamdeka/S-BioBERT-snli-multinli-stsb,0
V113,person boarding or alighting a pedal cycle injured in collision with other pedal cycle,Atividade/Repouso,0.3836228847503662,1,pritamdeka/S-BioBERT-snli-multinli-stsb,1
V113,person boarding or alighting a pedal cycle injured in collision with other pedal cycle,Conforto,0.1771661341190338,2,pritamdeka/S-BioBERT-snli-multinli-stsb,0
V113,person boarding or alighting a pedal cycle injured in collision with other pedal cycle,Crescimento/Desenvolvimento,0.14646869897842407,3,pritamdeka/S-BioBERT-snli-multinli-stsb,0
V441,car passenger injured in collision with heavy transport vehicle or bus in nontraffic accident,Percepcao/Cognicao,0.14998629689216614,1,pritamdeka/S-BioBERT-snli-multinli-stsb,1
V441,car passenger injured in collision with heavy transport vehicle or bus in nontraffic accident,Atividade/Repouso,0.12458108365535736,2,pritamdeka/S-BioBERT-snli-multinli-stsb,0
V441,car passenger injured in collision with heavy transport vehicle or bus in nontraffic accident,Enfrentamento/Tolerancia ao Estresse,0.1104380190372467,3,pritamdeka/S-BioBERT-snli-multinli-stsb,0
V5863,long-term (current) use of antiplatelet/antithrombotic,Atividade/Repouso,0.41975998878479004,1,pritamdeka/S-BioBERT-snli-multinli-stsb,1
V5863,long-term (current) use of antiplatelet/antithrombotic,Sexualidade,0.32700562477111816,2,pritamdeka/S-BioBERT-snli-multinli-stsb,0
V5863,long-term (current) use of antiplatelet/antithrombotic,Seguranca/Protecao,0.2981429994106293,3,pritamdeka/S-BioBERT-snli-multinli-stsb,0
V860,driver of special all-terrain or other off-road motor vehicle injured in traffic accident,Percepcao/Cognicao,0.208243727684021,1,pritamdeka/S-BioBERT-snli-multinli-stsb,1
V860,driver of special all-terrain or other off-road motor vehicle injured in traffic accident,Seguranca/Protecao,0.1431635618209839,2,pritamdeka/S-BioBERT-snli-multinli-stsb,0
V860,driver of special all-terrain or other off-road motor vehicle injured in traffic accident,Atividade/Repouso,0.139625683426857,3,pritamdeka/S-BioBERT-snli-multinli-stsb,0
4739,unspecified sinusitis (chronic),Atividade/Repouso,0.26918303966522217,1,pritamdeka/S-BioBERT-snli-multinli-stsb,1
4739,unspecified sinusitis (chronic),Seguranca/Protecao,0.25502678751945496,2,pritamdeka/S-BioBERT-snli-multinli-stsb,0
4739,unspecified sinusitis (chronic),Percepcao/Cognicao,0.24844762682914734,3,pritamdeka/S-BioBERT-snli-multinli-stsb,0
78194,facial weakness,Percepcao/Cognicao,0.3320596218109131,1,pritamdeka/S-BioBERT-snli-multinli-stsb,1
78194,facial weakness,Nutricao,0.19897545874118805,2,pritamdeka/S-BioBERT-snli-multinli-stsb,0
78194,facial weakness,Eliminacao e Troca,0.19380627572536469,3,pritamdeka/S-BioBERT-snli-multinli-stsb,0
7885,oliguria and anuria,Eliminacao e Troca,0.5765756368637085,1,pritamdeka/S-BioBERT-snli-multinli-stsb,1
7885,oliguria and anuria,Nutricao,0.47506940364837646,2,pritamdeka/S-BioBERT-snli-multinli-stsb,0
7885,oliguria and anuria,Atividade/Repouso,0.2927549481391907,3,pritamdeka/S-BioBERT-snli-multinli-stsb,0
E8786,"removal of other organ (partial) (total) causing abnormal patient reaction, or later complication, without mention of misadventure at time of operation",Seguranca/Protecao,0.24329137802124023,1,pritamdeka/S-BioBERT-snli-multinli-stsb,1
E8786,"removal of other organ (partial) (total) causing abnormal patient reaction, or later complication, without mention of misadventure at time of operation",Percepcao/Cognicao,0.20963284373283386,2,pritamdeka/S-BioBERT-snli-multinli-stsb,0
E8786,"removal of other organ (partial) (total) causing abnormal patient reaction, or later complication, without mention of misadventure at time of operation",Eliminacao e Troca,0.20252856612205505,3,pritamdeka/S-BioBERT-snli-multinli-stsb,0
V4572,acquired absence of intestine (large) (small),Crescimento/Desenvolvimento,0.3392849266529083,1,pritamdeka/S-BioBERT-snli-multinli-stsb,1
V4572,acquired absence of intestine (large) (small),Nutricao,0.21818020939826965,2,pritamdeka/S-BioBERT-snli-multinli-stsb,0
V4572,acquired absence of intestine (large) (small),Eliminacao e Troca,0.18659457564353943,3,pritamdeka/S-BioBERT-snli-multinli-stsb,0
3129,unspecified disturbance of conduct,Atividade/Repouso,0.24797959625720978,1,pritamdeka/S-BioBERT-snli-multinli-stsb,1
3129,unspecified disturbance of conduct,Seguranca/Protecao,0.24214515089988708,2,pritamdeka/S-BioBERT-snli-multinli-stsb,0
3129,unspecified disturbance of conduct,Percepcao/Cognicao,0.19592955708503723,3,pritamdeka/S-BioBERT-snli-multinli-stsb,0
51189,"other specified forms of effusion, except tuberculous",Percepcao/Cognicao,0.2789393961429596,1,pritamdeka/S-BioBERT-snli-multinli-stsb,1
51189,"other specified forms of effusion, except tuberculous",Seguranca/Protecao,0.2523142695426941,2,pritamdeka/S-BioBERT-snli-multinli-stsb,0
51189,"other specified forms of effusion, except tuberculous",Enfrentamento/Tolerancia ao Estresse,0.2309720665216446,3,pritamdeka/S-BioBERT-snli-multinli-stsb,0
78442,dysphonia,Eliminacao e Troca,0.308203786611557,1,pritamdeka/S-BioBERT-snli-multinli-stsb,1
78442,dysphonia,Atividade/Repouso,0.30796241760253906,2,pritamdeka/S-BioBERT-snli-multinli-stsb,0
78442,dysphonia,Conforto,0.30067670345306396,3,pritamdeka/S-BioBERT-snli-multinli-stsb,0
9986,persistent postoperative fistula,Eliminacao e Troca,0.31744304299354553,1,pritamdeka/S-BioBERT-snli-multinli-stsb,1
9986,persistent postoperative fistula,Sexualidade,0.2652486264705658,2,pritamdeka/S-BioBERT-snli-multinli-stsb,0
9986,persistent postoperative fistula,Nutricao,0.25480231642723083,3,pritamdeka/S-BioBERT-snli-multinli-stsb,0
E8499,accidents occurring in unspecified place,Seguranca/Protecao,0.23455768823623657,1,pritamdeka/S-BioBERT-snli-multinli-stsb,1
E8499,accidents occurring in unspecified place,Percepcao/Cognicao,0.15731529891490936,2,pritamdeka/S-BioBERT-snli-multinli-stsb,0
E8499,accidents occurring in unspecified place,Atividade/Repouso,0.12916535139083862,3,pritamdeka/S-BioBERT-snli-multinli-stsb,0
71590,"osteoarthrosis, unspecified whether generalized or localized, site unspecified",Seguranca/Protecao,0.2346688210964203,1,pritamdeka/S-BioBERT-snli-multinli-stsb,1
71590,"osteoarthrosis, unspecified whether generalized or localized, site unspecified",Atividade/Repouso,0.1958485245704651,2,pritamdeka/S-BioBERT-snli-multinli-stsb,0
71590,"osteoarthrosis, unspecified whether generalized or localized, site unspecified",Promocao da Saude,0.16831466555595398,3,pritamdeka/S-BioBERT-snli-multinli-stsb,0
7260,adhesive capsulitis of shoulder,Enfrentamento/Tolerancia ao Estresse,0.2288782000541687,1,pritamdeka/S-BioBERT-snli-multinli-stsb,1
7260,adhesive capsulitis of shoulder,Percepcao/Cognicao,0.19612938165664673,2,pritamdeka/S-BioBERT-snli-multinli-stsb,0
7260,adhesive capsulitis of shoulder,Seguranca/Protecao,0.18345215916633606,3,pritamdeka/S-BioBERT-snli-multinli-stsb,0
E8495,street and highway accidents,Percepcao/Cognicao,0.2205367386341095,1,pritamdeka/S-BioBERT-snli-multinli-stsb,1
E8495,street and highway accidents,Seguranca/Protecao,0.18006277084350586,2,pritamdeka/S-BioBERT-snli-multinli-stsb,0
E8495,street and highway accidents,Sexualidade,0.14750473201274872,3,pritamdeka/S-BioBERT-snli-multinli-stsb,0
V707,person on outside of bus injured in collision with pedestrian or animal in traffic accident,Seguranca/Protecao,0.12460619956254959,1,pritamdeka/S-BioBERT-snli-multinli-stsb,1
V707,person on outside of bus injured in collision with pedestrian or animal in traffic accident,Atividade/Repouso,0.09247042238712311,2,pritamdeka/S-BioBERT-snli-multinli-stsb,0
V707,person on outside of bus injured in collision with pedestrian or animal in traffic accident,Percepcao/Cognicao,0.08619144558906555,3,pritamdeka/S-BioBERT-snli-multinli-stsb,0
28412,other drug-induced pancytopenia,Conforto,0.3520512580871582,1,pritamdeka/S-BioBERT-snli-multinli-stsb,1
28412,other drug-induced pancytopenia,Percepcao/Cognicao,0.3434735834598541,2,pritamdeka/S-BioBERT-snli-multinli-stsb,0
28412,other drug-induced pancytopenia,Enfrentamento/Tolerancia ao Estresse,0.32419389486312866,3,pritamdeka/S-BioBERT-snli-multinli-stsb,0
44102,"dissection of aorta, abdominal",Eliminacao e Troca,0.3030131161212921,1,pritamdeka/S-BioBERT-snli-multinli-stsb,1
44102,"dissection of aorta, abdominal",Enfrentamento/Tolerancia ao Estresse,0.2923741340637207,2,pritamdeka/S-BioBERT-snli-multinli-stsb,0
44102,"dissection of aorta, abdominal",Atividade/Repouso,0.27728456258773804,3,pritamdeka/S-BioBERT-snli-multinli-stsb,0
45981,"venous (peripheral) insufficiency, unspecified",Nutricao,0.22813402116298676,1,pritamdeka/S-BioBERT-snli-multinli-stsb,1
45981,"venous (peripheral) insufficiency, unspecified",Percepcao/Cognicao,0.2262425273656845,2,pritamdeka/S-BioBERT-snli-multinli-stsb,0
45981,"venous (peripheral) insufficiency, unspecified",Atividade/Repouso,0.22393804788589478,3,pritamdeka/S-BioBERT-snli-multinli-stsb,0
5772,cyst and pseudocyst of pancreas,Conforto,0.29994893074035645,1,pritamdeka/S-BioBERT-snli-multinli-stsb,1
5772,cyst and pseudocyst of pancreas,Eliminacao e Troca,0.27584123611450195,2,pritamdeka/S-BioBERT-snli-multinli-stsb,0
5772,cyst and pseudocyst of pancreas,Percepcao/Cognicao,0.2741014361381531,3,pritamdeka/S-BioBERT-snli-multinli-stsb,0
78057,unspecified sleep apnea,Atividade/Repouso,0.2881600260734558,1,pritamdeka/S-BioBERT-snli-multinli-stsb,1
78057,unspecified sleep apnea,Percepcao/Cognicao,0.2351895421743393,2,pritamdeka/S-BioBERT-snli-multinli-stsb,0
78057,unspecified sleep apnea,Enfrentamento/Tolerancia ao Estresse,0.23207341134548187,3,pritamdeka/S-BioBERT-snli-multinli-stsb,0
79021,impaired fasting glucose,Nutricao,0.3917157053947449,1,pritamdeka/S-BioBERT-snli-multinli-stsb,1
79021,impaired fasting glucose,Atividade/Repouso,0.3664591312408447,2,pritamdeka/S-BioBERT-snli-multinli-stsb,0
79021,impaired fasting glucose,Eliminacao e Troca,0.301185667514801,3,pritamdeka/S-BioBERT-snli-multinli-stsb,0
V8523,"body mass index 27.0-27.9, adult",Autopercepcao,0.2672695219516754,1,pritamdeka/S-BioBERT-snli-multinli-stsb,1
V8523,"body mass index 27.0-27.9, adult",Atividade/Repouso,0.24351486563682556,2,pritamdeka/S-BioBERT-snli-multinli-stsb,0
V8523,"body mass index 27.0-27.9, adult",Promocao da Saude,0.18987947702407837,3,pritamdeka/S-BioBERT-snli-multinli-stsb,0
2397,neoplasm of unspecified nature of endocrine glands and other parts of nervous system,Percepcao/Cognicao,0.39165812730789185,1,pritamdeka/S-BioBERT-snli-multinli-stsb,1
2397,neoplasm of unspecified nature of endocrine glands and other parts of nervous system,Nutricao,0.3422119617462158,2,pritamdeka/S-BioBERT-snli-multinli-stsb,0
2397,neoplasm of unspecified nature of endocrine glands and other parts of nervous system,Conforto,0.2864495813846588,3,pritamdeka/S-BioBERT-snli-multinli-stsb,0
4401,atherosclerosis of renal artery,Eliminacao e Troca,0.44725409150123596,1,pritamdeka/S-BioBERT-snli-multinli-stsb,1
4401,atherosclerosis of renal artery,Atividade/Repouso,0.28168925642967224,2,pritamdeka/S-BioBERT-snli-multinli-stsb,0
4401,atherosclerosis of renal artery,Sexualidade,0.2316480427980423,3,pritamdeka/S-BioBERT-snli-multinli-stsb,0
78820,"retention of urine, unspecified",Eliminacao e Troca,0.3281795084476471,1,pritamdeka/S-BioBERT-snli-multinli-stsb,1
78820,"retention of urine, unspecified",Nutricao,0.2530266344547272,2,pritamdeka/S-BioBERT-snli-multinli-stsb,0
78820,"retention of urine, unspecified",Sexualidade,0.2001444548368454,3,pritamdeka/S-BioBERT-snli-multinli-stsb,0
V1582,personal history of tobacco use,Enfrentamento/Tolerancia ao Estresse,0.1889083981513977,1,pritamdeka/S-BioBERT-snli-multinli-stsb,1
V1582,personal history of tobacco use,Sexualidade,0.18125364184379578,2,pritamdeka/S-BioBERT-snli-multinli-stsb,0
V1582,personal history of tobacco use,Percepcao/Cognicao,0.13520598411560059,3,pritamdeka/S-BioBERT-snli-multinli-stsb,0
53085,barrett's esophagus,Atividade/Repouso,0.15219858288764954,1,pritamdeka/S-BioBERT-snli-multinli-stsb,1
53085,barrett's esophagus,Nutricao,0.14987894892692566,2,pritamdeka/S-BioBERT-snli-multinli-stsb,0
53085,barrett's esophagus,Crescimento/Desenvolvimento,0.13929343223571777,3,pritamdeka/S-BioBERT-snli-multinli-stsb,0
59969,"urinary obstruction, not elsewhere classified",Eliminacao e Troca,0.364629328250885,1,pritamdeka/S-BioBERT-snli-multinli-stsb,1
59969,"urinary obstruction, not elsewhere classified",Sexualidade,0.24024322628974915,2,pritamdeka/S-BioBERT-snli-multinli-stsb,0
59969,"urinary obstruction, not elsewhere classified",Nutricao,0.232240229845047,3,pritamdeka/S-BioBERT-snli-multinli-stsb,0
99749,other digestive system complications,Eliminacao e Troca,0.5476633310317993,1,pritamdeka/S-BioBERT-snli-multinli-stsb,1
99749,other digestive system complications,Nutricao,0.42772671580314636,2,pritamdeka/S-BioBERT-snli-multinli-stsb,0
99749,other digestive system complications,Percepcao/Cognicao,0.4046310484409332,3,pritamdeka/S-BioBERT-snli-multinli-stsb,0
V160,pedal cycle driver injured in collision with other nonmotor vehicle in nontraffic accident,Atividade/Repouso,0.2258174568414688,1,pritamdeka/S-BioBERT-snli-multinli-stsb,1
V160,pedal cycle driver injured in collision with other nonmotor vehicle in nontraffic accident,Percepcao/Cognicao,0.11129723489284515,2,pritamdeka/S-BioBERT-snli-multinli-stsb,0
V160,pedal cycle driver injured in collision with other nonmotor vehicle in nontraffic accident,Conforto,0.07631755620241165,3,pritamdeka/S-BioBERT-snli-multinli-stsb,0
V643,unspecified occupant of heavy transport vehicle injured in collision with heavy transport vehicle or bus in nontraffic accident,Seguranca/Protecao,0.2017376720905304,1,pritamdeka/S-BioBERT-snli-multinli-stsb,1
V643,unspecified occupant of heavy transport vehicle injured in collision with heavy transport vehicle or bus in nontraffic accident,Atividade/Repouso,0.14745961129665375,2,pritamdeka/S-BioBERT-snli-multinli-stsb,0
V643,unspecified occupant of heavy transport vehicle injured in collision with heavy transport vehicle or bus in nontraffic accident,Percepcao/Cognicao,0.14184318482875824,3,pritamdeka/S-BioBERT-snli-multinli-stsb,0
2411,nontoxic multinodular goiter,Nutricao,0.23396915197372437,1,pritamdeka/S-BioBERT-snli-multinli-stsb,1
2411,nontoxic multinodular goiter,Eliminacao e Troca,0.21893425285816193,2,pritamdeka/S-BioBERT-snli-multinli-stsb,0
2411,nontoxic multinodular goiter,Percepcao/Cognicao,0.2173016369342804,3,pritamdeka/S-BioBERT-snli-multinli-stsb,0
3051,tobacco use disorder,Enfrentamento/Tolerancia ao Estresse,0.27177536487579346,1,pritamdeka/S-BioBERT-snli-multinli-stsb,1
3051,tobacco use disorder,Sexualidade,0.18519227206707,2,pritamdeka/S-BioBERT-snli-multinli-stsb,0
3051,tobacco use disorder,Percepcao/Cognicao,0.16870248317718506,3,pritamdeka/S-BioBERT-snli-multinli-stsb,0
4239,unspecified disease of pericardium,Atividade/Repouso,0.2922769784927368,1,pritamdeka/S-BioBERT-snli-multinli-stsb,1
4239,unspecified disease of pericardium,Conforto,0.26036953926086426,2,pritamdeka/S-BioBERT-snli-multinli-stsb,0
4239,unspecified disease of pericardium,Seguranca/Protecao,0.24227923154830933,3,pritamdeka/S-BioBERT-snli-multinli-stsb,0
6961,other psoriasis,Enfrentamento/Tolerancia ao Estresse,0.30222806334495544,1,pritamdeka/S-BioBERT-snli-multinli-stsb,1
6961,other psoriasis,Percepcao/Cognicao,0.22688178718090057,2,pritamdeka/S-BioBERT-snli-multinli-stsb,0
6961,other psoriasis,Conforto,0.22181200981140137,3,pritamdeka/S-BioBERT-snli-multinli-stsb,0
75249,"other anomalies of cervix, vagina, and external female genitalia",Sexualidade,0.53094083070755,1,pritamdeka/S-BioBERT-snli-multinli-stsb,1
75249,"other anomalies of cervix, vagina, and external female genitalia",Nutricao,0.38096553087234497,2,pritamdeka/S-BioBERT-snli-multinli-stsb,0
75249,"other anomalies of cervix, vagina, and external female genitalia",Percepcao/Cognicao,0.37095147371292114,3,pritamdeka/S-BioBERT-snli-multinli-stsb,0
79022,impaired glucose tolerance test (oral),Nutricao,0.3712523579597473,1,pritamdeka/S-BioBERT-snli-multinli-stsb,1
79022,impaired glucose tolerance test (oral),Atividade/Repouso,0.29276248812675476,2,pritamdeka/S-BioBERT-snli-multinli-stsb,0
79022,impaired glucose tolerance test (oral),Percepcao/Cognicao,0.2802644670009613,3,pritamdeka/S-BioBERT-snli-multinli-stsb,0
V151,pedal cycle passenger injured in collision with railway train or railway vehicle in nontraffic accident,Atividade/Repouso,0.24743610620498657,1,pritamdeka/S-BioBERT-snli-multinli-stsb,1
V151,pedal cycle passenger injured in collision with railway train or railway vehicle in nontraffic accident,Percepcao/Cognicao,0.17374339699745178,2,pritamdeka/S-BioBERT-snli-multinli-stsb,0
V151,pedal cycle passenger injured in collision with railway train or railway vehicle in nontraffic accident,Conforto,0.12928660213947296,3,pritamdeka/S-BioBERT-snli-multinli-stsb,0
4240,mitral valve disorders,Atividade/Repouso,0.38732773065567017,1,pritamdeka/S-BioBERT-snli-multinli-stsb,1
4240,mitral valve disorders,Eliminacao e Troca,0.2923428416252136,2,pritamdeka/S-BioBERT-snli-multinli-stsb,0
4240,mitral valve disorders,Principios Vitais,0.2681461274623871,3,pritamdeka/S-BioBERT-snli-multinli-stsb,0
4589,"hypotension, unspecified",Seguranca/Protecao,0.3223608136177063,1,pritamdeka/S-BioBERT-snli-multinli-stsb,1
4589,"hypotension, unspecified",Nutricao,0.2781200408935547,2,pritamdeka/S-BioBERT-snli-multinli-stsb,0
4589,"hypotension, unspecified",Atividade/Repouso,0.2696291506290436,3,pritamdeka/S-BioBERT-snli-multinli-stsb,0
45989,other specified disorders of circulatory system,Atividade/Repouso,0.5500611066818237,1,pritamdeka/S-BioBERT-snli-multinli-stsb,1
45989,other specified disorders of circulatory system,Percepcao/Cognicao,0.44928812980651855,2,pritamdeka/S-BioBERT-snli-multinli-stsb,0
45989,other specified disorders of circulatory system,Eliminacao e Troca,0.41574734449386597,3,pritamdeka/S-BioBERT-snli-multinli-stsb,0
5730,chronic passive congestion of liver,Eliminacao e Troca,0.2969409227371216,1,pritamdeka/S-BioBERT-snli-multinli-stsb,1
5730,chronic passive congestion of liver,Conforto,0.26774540543556213,2,pritamdeka/S-BioBERT-snli-multinli-stsb,0
5730,chronic passive congestion of liver,Atividade/Repouso,0.2662874162197113,3,pritamdeka/S-BioBERT-snli-multinli-stsb,0
60000,hypertrophy (benign) of prostate without urinary obstruction and other lower urinary tract symptom (luts),Sexualidade,0.3185349702835083,1,pritamdeka/S-BioBERT-snli-multinli-stsb,1
60000,hypertrophy (benign) of prostate without urinary obstruction and other lower urinary tract symptom (luts),Eliminacao e Troca,0.29518043994903564,2,pritamdeka/S-BioBERT-snli-multinli-stsb,0
60000,hypertrophy (benign) of prostate without urinary obstruction and other lower urinary tract symptom (luts),Percepcao/Cognicao,0.21743331849575043,3,pritamdeka/S-BioBERT-snli-multinli-stsb,0
V8533,"body mass index 33.0-33.9, adult",Autopercepcao,0.2586846947669983,1,pritamdeka/S-BioBERT-snli-multinli-stsb,1
V8533,"body mass index 33.0-33.9, adult",Atividade/Repouso,0.25085413455963135,2,pritamdeka/S-BioBERT-snli-multinli-stsb,0
V8533,"body mass index 33.0-33.9, adult",Nutricao,0.21164564788341522,3,pritamdeka/S-BioBERT-snli-multinli-stsb,0
4264,right bundle branch block,Atividade/Repouso,0.2671058177947998,1,pritamdeka/S-BioBERT-snli-multinli-stsb,1
4264,right bundle branch block,Sexualidade,0.23199918866157532,2,pritamdeka/S-BioBERT-snli-multinli-stsb,0
4264,right bundle branch block,Eliminacao e Troca,0.21061664819717407,3,pritamdeka/S-BioBERT-snli-multinli-stsb,0
7823,edema,Percepcao/Cognicao,0.309900164604187,1,pritamdeka/S-BioBERT-snli-multinli-stsb,1
7823,edema,Nutricao,0.2995486259460449,2,pritamdeka/S-BioBERT-snli-multinli-stsb,0
7823,edema,Atividade/Repouso,0.2503599524497986,3,pritamdeka/S-BioBERT-snli-multinli-stsb,0
E8339,other disorders of phosphorus metabolism,Nutricao,0.3411397635936737,1,pritamdeka/S-BioBERT-snli-multinli-stsb,1
E8339,other disorders of phosphorus metabolism,Eliminacao e Troca,0.31448671221733093,2,pritamdeka/S-BioBERT-snli-multinli-stsb,0
E8339,other disorders of phosphorus metabolism,Conforto,0.30481231212615967,3,pritamdeka/S-BioBERT-snli-multinli-stsb,0
V180,pedal cycle driver injured in noncollision transport accident in nontraffic accident,Atividade/Repouso,0.21054284274578094,1,pritamdeka/S-BioBERT-snli-multinli-stsb,1
V180,pedal cycle driver injured in noncollision transport accident in nontraffic accident,Seguranca/Protecao,0.0842645987868309,2,pritamdeka/S-BioBERT-snli-multinli-stsb,0
V180,pedal cycle driver injured in noncollision transport accident in nontraffic accident,Percepcao/Cognicao,0.08127429336309433,3,pritamdeka/S-BioBERT-snli-multinli-stsb,0
32723,obstructive sleep apnea (adult)(pediatric),Atividade/Repouso,0.3492175340652466,1,pritamdeka/S-BioBERT-snli-multinli-stsb,1
32723,obstructive sleep apnea (adult)(pediatric),Crescimento/Desenvolvimento,0.328125,2,pritamdeka/S-BioBERT-snli-multinli-stsb,0
32723,obstructive sleep apnea (adult)(pediatric),Enfrentamento/Tolerancia ao Estresse,0.2920432388782501,3,pritamdeka/S-BioBERT-snli-multinli-stsb,0
4556,unspecified hemorrhoids without mention of complication,Seguranca/Protecao,0.2659441828727722,1,pritamdeka/S-BioBERT-snli-multinli-stsb,1
4556,unspecified hemorrhoids without mention of complication,Percepcao/Cognicao,0.202914297580719,2,pritamdeka/S-BioBERT-snli-multinli-stsb,0
4556,unspecified hemorrhoids without mention of complication,Eliminacao e Troca,0.18944843113422394,3,pritamdeka/S-BioBERT-snli-multinli-stsb,0
78062,postprocedural fever,Seguranca/Protecao,0.311003178358078,1,pritamdeka/S-BioBERT-snli-multinli-stsb,1
78062,postprocedural fever,Conforto,0.27136898040771484,2,pritamdeka/S-BioBERT-snli-multinli-stsb,0
78062,postprocedural fever,Sexualidade,0.22021940350532532,3,pritamdeka/S-BioBERT-snli-multinli-stsb,0
E8798,"other specified procedures as the cause of abnormal reaction of patient, or of later complication, without mention of misadventure at time of procedure",Seguranca/Protecao,0.31337034702301025,1,pritamdeka/S-BioBERT-snli-multinli-stsb,1
E8798,"other specified procedures as the cause of abnormal reaction of patient, or of later complication, without mention of misadventure at time of procedure",Percepcao/Cognicao,0.23072309792041779,2,pritamdeka/S-BioBERT-snli-multinli-stsb,0
E8798,"other specified procedures as the cause of abnormal reaction of patient, or of later complication, without mention of misadventure at time of procedure",Sexualidade,0.22031810879707336,3,pritamdeka/S-BioBERT-snli-multinli-stsb,0
E9063,bite of other animal except arthropod,Seguranca/Protecao,0.18499547243118286,1,pritamdeka/S-BioBERT-snli-multinli-stsb,1
E9063,bite of other animal except arthropod,Nutricao,0.1669279932975769,2,pritamdeka/S-BioBERT-snli-multinli-stsb,0
E9063,bite of other animal except arthropod,Eliminacao e Troca,0.1623345911502838,3,pritamdeka/S-BioBERT-snli-multinli-stsb,0
V173,person boarding or alighting a pedal cycle injured in collision with fixed or stationary object,Atividade/Repouso,0.35686829686164856,1,pritamdeka/S-BioBERT-snli-multinli-stsb,1
V173,person boarding or alighting a pedal cycle injured in collision with fixed or stationary object,Conforto,0.17153063416481018,2,pritamdeka/S-BioBERT-snli-multinli-stsb,0
V173,person boarding or alighting a pedal cycle injured in collision with fixed or stationary object,Seguranca/Protecao,0.16551917791366577,3,pritamdeka/S-BioBERT-snli-multinli-stsb,0
V8532,"body mass index 32.0-32.9, adult",Nutricao,0.2664235532283783,1,pritamdeka/S-BioBERT-snli-multinli-stsb,1
V8532,"body mass index 32.0-32.9, adult",Atividade/Repouso,0.20813724398612976,2,pritamdeka/S-BioBERT-snli-multinli-stsb,0
V8532,"body mass index 32.0-32.9, adult",Autopercepcao,0.187112495303154,3,pritamdeka/S-BioBERT-snli-multinli-stsb,0
3559,mononeuritis of unspecified site,Percepcao/Cognicao,0.27028602361679077,1,pritamdeka/S-BioBERT-snli-multinli-stsb,1
3559,mononeuritis of unspecified site,Eliminacao e Troca,0.21160241961479187,2,pritamdeka/S-BioBERT-snli-multinli-stsb,0
3559,mononeuritis of unspecified site,Conforto,0.17135100066661835,3,pritamdeka/S-BioBERT-snli-multinli-stsb,0
4111,intermediate coronary syndrome,Atividade/Repouso,0.3605023920536041,1,pritamdeka/S-BioBERT-snli-multinli-stsb,1
4111,intermediate coronary syndrome,Percepcao/Cognicao,0.252582311630249,2,pritamdeka/S-BioBERT-snli-multinli-stsb,0
4111,intermediate coronary syndrome,Conforto,0.23168081045150757,3,pritamdeka/S-BioBERT-snli-multinli-stsb,0
5762,obstruction of bile duct,Eliminacao e Troca,0.41741541028022766,1,pritamdeka/S-BioBERT-snli-multinli-stsb,1
5762,obstruction of bile duct,Atividade/Repouso,0.2599538564682007,2,pritamdeka/S-BioBERT-snli-multinli-stsb,0
5762,obstruction of bile duct,Nutricao,0.24954546988010406,3,pritamdeka/S-BioBERT-snli-multinli-stsb,0
78605,shortness of breath,Atividade/Repouso,0.25524723529815674,1,pritamdeka/S-BioBERT-snli-multinli-stsb,1
78605,shortness of breath,Crescimento/Desenvolvimento,0.21409034729003906,2,pritamdeka/S-BioBERT-snli-multinli-stsb,0
78605,shortness of breath,Eliminacao e Troca,0.16511070728302002,3,pritamdeka/S-BioBERT-snli-multinli-stsb,0
E8490,home accidents,Papeis e Relacionamentos,0.17977796494960785,1,pritamdeka/S-BioBERT-snli-multinli-stsb,1
E8490,home accidents,Percepcao/Cognicao,0.16592398285865784,2,pritamdeka/S-BioBERT-snli-multinli-stsb,0
E8490,home accidents,Seguranca/Protecao,0.13318400084972382,3,pritamdeka/S-BioBERT-snli-multinli-stsb,0
E8809,"other disorders of plasma-protein metabolism, not elsewhere classified",Nutricao,0.3002815246582031,1,pritamdeka/S-BioBERT-snli-multinli-stsb,1
E8809,"other disorders of plasma-protein metabolism, not elsewhere classified",Eliminacao e Troca,0.27503731846809387,2,pritamdeka/S-BioBERT-snli-multinli-stsb,0
E8809,"other disorders of plasma-protein metabolism, not elsewhere classified",Conforto,0.25051331520080566,3,pritamdeka/S-BioBERT-snli-multinli-stsb,0
V453,unspecified car occupant injured in collision with railway train or railway vehicle in nontraffic accident,Percepcao/Cognicao,0.1440667361021042,1,pritamdeka/S-BioBERT-snli-multinli-stsb,1
V453,unspecified car occupant injured in collision with railway train or railway vehicle in nontraffic accident,Seguranca/Protecao,0.12530402839183807,2,pritamdeka/S-BioBERT-snli-multinli-stsb,0
V453,unspecified car occupant injured in collision with railway train or railway vehicle in nontraffic accident,Atividade/Repouso,0.06797541677951813,3,pritamdeka/S-BioBERT-snli-multinli-stsb,0
V4571,acquired absence of breast and nipple,Autopercepcao,0.17532400786876678,1,pritamdeka/S-BioBERT-snli-multinli-stsb,1
V4571,acquired absence of breast and nipple,Crescimento/Desenvolvimento,0.16452577710151672,2,pritamdeka/S-BioBERT-snli-multinli-stsb,0
V4571,acquired absence of breast and nipple,Nutricao,0.1164775937795639,3,pritamdeka/S-BioBERT-snli-multinli-stsb,0
V851,passenger of special construction vehicle injured in traffic accident,Percepcao/Cognicao,0.1994432657957077,1,pritamdeka/S-BioBERT-snli-multinli-stsb,1
V851,passenger of special construction vehicle injured in traffic accident,Seguranca/Protecao,0.14664366841316223,2,pritamdeka/S-BioBERT-snli-multinli-stsb,0
V851,passenger of special construction vehicle injured in traffic accident,Enfrentamento/Tolerancia ao Estresse,0.13582491874694824,3,pritamdeka/S-BioBERT-snli-multinli-stsb,0
20190,"hodgkin's disease, unspecified type, unspecified site, extranodal and solid organ sites",Eliminacao e Troca,0.2587205767631531,1,pritamdeka/S-BioBERT-snli-multinli-stsb,1
20190,"hodgkin's disease, unspecified type, unspecified site, extranodal and solid organ sites",Percepcao/Cognicao,0.2448379546403885,2,pritamdeka/S-BioBERT-snli-multinli-stsb,0
20190,"hodgkin's disease, unspecified type, unspecified site, extranodal and solid organ sites",Seguranca/Protecao,0.23254847526550293,3,pritamdeka/S-BioBERT-snli-multinli-stsb,0
29284,drug-induced mood disorder,Enfrentamento/Tolerancia ao Estresse,0.4585270881652832,1,pritamdeka/S-BioBERT-snli-multinli-stsb,1
29284,drug-induced mood disorder,Percepcao/Cognicao,0.2597578465938568,2,pritamdeka/S-BioBERT-snli-multinli-stsb,0
29284,drug-induced mood disorder,Atividade/Repouso,0.25065192580223083,3,pritamdeka/S-BioBERT-snli-multinli-stsb,0
5921,calculus of ureter,Eliminacao e Troca,0.5000427961349487,1,pritamdeka/S-BioBERT-snli-multinli-stsb,1
5921,calculus of ureter,Nutricao,0.26540660858154297,2,pritamdeka/S-BioBERT-snli-multinli-stsb,0
5921,calculus of ureter,Atividade/Repouso,0.18338415026664734,3,pritamdeka/S-BioBERT-snli-multinli-stsb,0
78009,other alteration of consciousness,Percepcao/Cognicao,0.49494582414627075,1,pritamdeka/S-BioBERT-snli-multinli-stsb,1
78009,other alteration of consciousness,Enfrentamento/Tolerancia ao Estresse,0.3166886568069458,2,pritamdeka/S-BioBERT-snli-multinli-stsb,0
78009,other alteration of consciousness,Principios Vitais,0.30315083265304565,3,pritamdeka/S-BioBERT-snli-multinli-stsb,0
99674,"other complications due to other vascular device, implant, and graft",Percepcao/Cognicao,0.38627883791923523,1,pritamdeka/S-BioBERT-snli-multinli-stsb,1
99674,"other complications due to other vascular device, implant, and graft",Seguranca/Protecao,0.37942492961883545,2,pritamdeka/S-BioBERT-snli-multinli-stsb,0
99674,"other complications due to other vascular device, implant, and graft",Atividade/Repouso,0.3565903604030609,3,pritamdeka/S-BioBERT-snli-multinli-stsb,0
V4611,"dependence on respirator, status",Atividade/Repouso,0.29667943716049194,1,pritamdeka/S-BioBERT-snli-multinli-stsb,1
V4611,"dependence on respirator, status",Crescimento/Desenvolvimento,0.19922202825546265,2,pritamdeka/S-BioBERT-snli-multinli-stsb,0
V4611,"dependence on respirator, status",Percepcao/Cognicao,0.19066107273101807,3,pritamdeka/S-BioBERT-snli-multinli-stsb,0
30301,"acute alcoholic intoxication in alcoholism, continuous",Enfrentamento/Tolerancia ao Estresse,0.30014920234680176,1,pritamdeka/S-BioBERT-snli-multinli-stsb,1
30301,"acute alcoholic intoxication in alcoholism, continuous",Eliminacao e Troca,0.22781440615653992,2,pritamdeka/S-BioBERT-snli-multinli-stsb,0
30301,"acute alcoholic intoxication in alcoholism, continuous",Percepcao/Cognicao,0.18841613829135895,3,pritamdeka/S-BioBERT-snli-multinli-stsb,0
53010,"esophagitis, unspecified",Seguranca/Protecao,0.2831224203109741,1,pritamdeka/S-BioBERT-snli-multinli-stsb,1
53010,"esophagitis, unspecified",Eliminacao e Troca,0.27290481328964233,2,pritamdeka/S-BioBERT-snli-multinli-stsb,0
53010,"esophagitis, unspecified",Nutricao,0.26207271218299866,3,pritamdeka/S-BioBERT-snli-multinli-stsb,0
7905,other nonspecific abnormal serum enzyme levels,Eliminacao e Troca,0.31586602330207825,1,pritamdeka/S-BioBERT-snli-multinli-stsb,1
7905,other nonspecific abnormal serum enzyme levels,Nutricao,0.31368207931518555,2,pritamdeka/S-BioBERT-snli-multinli-stsb,0
7905,other nonspecific abnormal serum enzyme levels,Percepcao/Cognicao,0.29191818833351135,3,pritamdeka/S-BioBERT-snli-multinli-stsb,0
25541,glucocorticoid deficiency,Atividade/Repouso,0.3348795473575592,1,pritamdeka/S-BioBERT-snli-multinli-stsb,1
25541,glucocorticoid deficiency,Crescimento/Desenvolvimento,0.27591463923454285,2,pritamdeka/S-BioBERT-snli-multinli-stsb,0
25541,glucocorticoid deficiency,Enfrentamento/Tolerancia ao Estresse,0.2700881361961365,3,pritamdeka/S-BioBERT-snli-multinli-stsb,0
30590,"other, mixed, or unspecified drug abuse, unspecified",Enfrentamento/Tolerancia ao Estresse,0.3753931224346161,1,pritamdeka/S-BioBERT-snli-multinli-stsb,1
30590,"other, mixed, or unspecified drug abuse, unspecified",Percepcao/Cognicao,0.2376297414302826,2,pritamdeka/S-BioBERT-snli-multinli-stsb,0
30590,"other, mixed, or unspecified drug abuse, unspecified",Sexualidade,0.23127156496047974,3,pritamdeka/S-BioBERT-snli-multinli-stsb,0
4148,other specified forms of chronic ischemic heart disease,Atividade/Repouso,0.6010442972183228,1,pritamdeka/S-BioBERT-snli-multinli-stsb,1
4148,other specified forms of chronic ischemic heart disease,Percepcao/Cognicao,0.4346991777420044,2,pritamdeka/S-BioBERT-snli-multinli-stsb,0
4148,other specified forms of chronic ischemic heart disease,Eliminacao e Troca,0.4053938388824463,3,pritamdeka/S-BioBERT-snli-multinli-stsb,0
4779,"allergic rhinitis, cause unspecified",Seguranca/Protecao,0.3032352924346924,1,pritamdeka/S-BioBERT-snli-multinli-stsb,1
4779,"allergic rhinitis, cause unspecified",Atividade/Repouso,0.2509991526603699,2,pritamdeka/S-BioBERT-snli-multinli-stsb,0
4779,"allergic rhinitis, cause unspecified",Enfrentamento/Tolerancia ao Estresse,0.21234449744224548,3,pritamdeka/S-BioBERT-snli-multinli-stsb,0
61172,lump or mass in breast,Autopercepcao,0.30498161911964417,1,pritamdeka/S-BioBERT-snli-multinli-stsb,1
61172,lump or mass in breast,Conforto,0.18462346494197845,2,pritamdeka/S-BioBERT-snli-multinli-stsb,0
61172,lump or mass in breast,Percepcao/Cognicao,0.1842762678861618,3,pritamdeka/S-BioBERT-snli-multinli-stsb,0
78052,"insomnia, unspecified",Nutricao,0.24198700487613678,1,pritamdeka/S-BioBERT-snli-multinli-stsb,1
78052,"insomnia, unspecified",Atividade/Repouso,0.22452402114868164,2,pritamdeka/S-BioBERT-snli-multinli-stsb,0
78052,"insomnia, unspecified",Enfrentamento/Tolerancia ao Estresse,0.2118450403213501,3,pritamdeka/S-BioBERT-snli-multinli-stsb,0
7842,"swelling, mass, or lump in head and neck",Percepcao/Cognicao,0.3879780173301697,1,pritamdeka/S-BioBERT-snli-multinli-stsb,1
7842,"swelling, mass, or lump in head and neck",Autopercepcao,0.28828561305999756,2,pritamdeka/S-BioBERT-snli-multinli-stsb,0
7842,"swelling, mass, or lump in head and neck",Nutricao,0.28809624910354614,3,pritamdeka/S-BioBERT-snli-multinli-stsb,0
30390,"other and unspecified alcohol dependence, unspecified",Enfrentamento/Tolerancia ao Estresse,0.3116815686225891,1,pritamdeka/S-BioBERT-snli-multinli-stsb,1
30390,"other and unspecified alcohol dependence, unspecified",Eliminacao e Troca,0.21691718697547913,2,pritamdeka/S-BioBERT-snli-multinli-stsb,0
30390,"other and unspecified alcohol dependence, unspecified",Principios Vitais,0.1780855655670166,3,pritamdeka/S-BioBERT-snli-multinli-stsb,0
4473,hyperplasia of renal artery,Eliminacao e Troca,0.3342445492744446,1,pritamdeka/S-BioBERT-snli-multinli-stsb,1
4473,hyperplasia of renal artery,Nutricao,0.20147360861301422,2,pritamdeka/S-BioBERT-snli-multinli-stsb,0
4473,hyperplasia of renal artery,Crescimento/Desenvolvimento,0.199128657579422,3,pritamdeka/S-BioBERT-snli-multinli-stsb,0
46400,acute laryngitis without mention of obstruction,Percepcao/Cognicao,0.21537962555885315,1,pritamdeka/S-BioBERT-snli-multinli-stsb,1
46400,acute laryngitis without mention of obstruction,Atividade/Repouso,0.18623003363609314,2,pritamdeka/S-BioBERT-snli-multinli-stsb,0
46400,acute laryngitis without mention of obstruction,Seguranca/Protecao,0.16267535090446472,3,pritamdeka/S-BioBERT-snli-multinli-stsb,0
73300,"osteoporosis, unspecified",Nutricao,0.23754116892814636,1,pritamdeka/S-BioBERT-snli-multinli-stsb,1
73300,"osteoporosis, unspecified",Atividade/Repouso,0.2365540862083435,2,pritamdeka/S-BioBERT-snli-multinli-stsb,0
73300,"osteoporosis, unspecified",Sexualidade,0.21887630224227905,3,pritamdeka/S-BioBERT-snli-multinli-stsb,0
78061,fever presenting with conditions classified elsewhere,Conforto,0.3481234908103943,1,pritamdeka/S-BioBERT-snli-multinli-stsb,1
78061,fever presenting with conditions classified elsewhere,Atividade/Repouso,0.32100144028663635,2,pritamdeka/S-BioBERT-snli-multinli-stsb,0
78061,fever presenting with conditions classified elsewhere,Percepcao/Cognicao,0.318949818611145,3,pritamdeka/S-BioBERT-snli-multinli-stsb,0
79092,abnormal coagulation profile,Atividade/Repouso,0.31301426887512207,1,pritamdeka/S-BioBERT-snli-multinli-stsb,1
79092,abnormal coagulation profile,Conforto,0.2797592580318451,2,pritamdeka/S-BioBERT-snli-multinli-stsb,0
79092,abnormal coagulation profile,Percepcao/Cognicao,0.2782577574253082,3,pritamdeka/S-BioBERT-snli-multinli-stsb,0
E8706,"accidental cut, puncture, perforation or hemorrhage during heart catheterization",Seguranca/Protecao,0.3984227180480957,1,pritamdeka/S-BioBERT-snli-multinli-stsb,1
E8706,"accidental cut, puncture, perforation or hemorrhage during heart catheterization",Atividade/Repouso,0.3696148097515106,2,pritamdeka/S-BioBERT-snli-multinli-stsb,0
E8706,"accidental cut, puncture, perforation or hemorrhage during heart catheterization",Percepcao/Cognicao,0.32768338918685913,3,pritamdeka/S-BioBERT-snli-multinli-stsb,0
2869,other and unspecified coagulation defects,Percepcao/Cognicao,0.3358146548271179,1,pritamdeka/S-BioBERT-snli-multinli-stsb,1
2869,other and unspecified coagulation defects,Eliminacao e Troca,0.3121987581253052,2,pritamdeka/S-BioBERT-snli-multinli-stsb,0
2869,other and unspecified coagulation defects,Seguranca/Protecao,0.3075472116470337,3,pritamdeka/S-BioBERT-snli-multinli-stsb,0
3331,essential and other specified forms of tremor,Percepcao/Cognicao,0.3129732608795166,1,pritamdeka/S-BioBERT-snli-multinli-stsb,1
3331,essential and other specified forms of tremor,Atividade/Repouso,0.293221652507782,2,pritamdeka/S-BioBERT-snli-multinli-stsb,0
3331,essential and other specified forms of tremor,Enfrentamento/Tolerancia ao Estresse,0.2659478187561035,3,pritamdeka/S-BioBERT-snli-multinli-stsb,0
41189,"other acute and subacute forms of ischemic heart disease, other",Atividade/Repouso,0.5157375335693359,1,pritamdeka/S-BioBERT-snli-multinli-stsb,1
41189,"other acute and subacute forms of ischemic heart disease, other",Percepcao/Cognicao,0.45109426975250244,2,pritamdeka/S-BioBERT-snli-multinli-stsb,0
41189,"other acute and subacute forms of ischemic heart disease, other",Eliminacao e Troca,0.40348249673843384,3,pritamdeka/S-BioBERT-snli-multinli-stsb,0
431,intracerebral hemorrhage,Percepcao/Cognicao,0.41457825899124146,1,pritamdeka/S-BioBERT-snli-multinli-stsb,1
431,intracerebral hemorrhage,Seguranca/Protecao,0.2793304920196533,2,pritamdeka/S-BioBERT-snli-multinli-stsb,0
431,intracerebral hemorrhage,Nutricao,0.2058343142271042,3,pritamdeka/S-BioBERT-snli-multinli-stsb,0
5718,other chronic nonalcoholic liver disease,Eliminacao e Troca,0.41937780380249023,1,pritamdeka/S-BioBERT-snli-multinli-stsb,1
5718,other chronic nonalcoholic liver disease,Atividade/Repouso,0.32137513160705566,2,pritamdeka/S-BioBERT-snli-multinli-stsb,0
5718,other chronic nonalcoholic liver disease,Nutricao,0.2737313508987427,3,pritamdeka/S-BioBERT-snli-multinli-stsb,0
5939,unspecified disorder of kidney and ureter,Eliminacao e Troca,0.4874921441078186,1,pritamdeka/S-BioBERT-snli-multinli-stsb,1
5939,unspecified disorder of kidney and ureter,Nutricao,0.3201674222946167,2,pritamdeka/S-BioBERT-snli-multinli-stsb,0
5939,unspecified disorder of kidney and ureter,Percepcao/Cognicao,0.24877026677131653,3,pritamdeka/S-BioBERT-snli-multinli-stsb,0
78829,other specified retention of urine,Eliminacao e Troca,0.42563551664352417,1,pritamdeka/S-BioBERT-snli-multinli-stsb,1
78829,other specified retention of urine,Nutricao,0.33335161209106445,2,pritamdeka/S-BioBERT-snli-multinli-stsb,0
78829,other specified retention of urine,Sexualidade,0.24919340014457703,3,pritamdeka/S-BioBERT-snli-multinli-stsb,0
99594,systemic inflammatory response syndrome due to noninfectious process with acute organ dysfunction,Seguranca/Protecao,0.46556341648101807,1,pritamdeka/S-BioBERT-snli-multinli-stsb,1
99594,systemic inflammatory response syndrome due to noninfectious process with acute organ dysfunction,Percepcao/Cognicao,0.3536989092826843,2,pritamdeka/S-BioBERT-snli-multinli-stsb,0
99594,systemic inflammatory response syndrome due to noninfectious process with acute organ dysfunction,Atividade/Repouso,0.3457303047180176,3,pritamdeka/S-BioBERT-snli-multinli-stsb,0
20210,"mycosis fungoides, unspecified site, extranodal and solid organ sites",Seguranca/Protecao,0.28549179434776306,1,pritamdeka/S-BioBERT-snli-multinli-stsb,1
20210,"mycosis fungoides, unspecified site, extranodal and solid organ sites",Percepcao/Cognicao,0.27008193731307983,2,pritamdeka/S-BioBERT-snli-multinli-stsb,0
20210,"mycosis fungoides, unspecified site, extranodal and solid organ sites",Autopercepcao,0.22900766134262085,3,pritamdeka/S-BioBERT-snli-multinli-stsb,0
2127,benign neoplasm of heart,Atividade/Repouso,0.26078319549560547,1,pritamdeka/S-BioBERT-snli-multinli-stsb,1
2127,benign neoplasm of heart,Percepcao/Cognicao,0.2589159905910492,2,pritamdeka/S-BioBERT-snli-multinli-stsb,0
2127,benign neoplasm of heart,Seguranca/Protecao,0.236858531832695,3,pritamdeka/S-BioBERT-snli-multinli-stsb,0
4370,cerebral atherosclerosis,Percepcao/Cognicao,0.3282204866409302,1,pritamdeka/S-BioBERT-snli-multinli-stsb,1
4370,cerebral atherosclerosis,Atividade/Repouso,0.31014740467071533,2,pritamdeka/S-BioBERT-snli-multinli-stsb,0
4370,cerebral atherosclerosis,Sexualidade,0.2371322512626648,3,pritamdeka/S-BioBERT-snli-multinli-stsb,0
59970,"hematuria, unspecified",Eliminacao e Troca,0.2925530672073364,1,pritamdeka/S-BioBERT-snli-multinli-stsb,1
59970,"hematuria, unspecified",Nutricao,0.26601871848106384,2,pritamdeka/S-BioBERT-snli-multinli-stsb,0
59970,"hematuria, unspecified",Seguranca/Protecao,0.1761971414089203,3,pritamdeka/S-BioBERT-snli-multinli-stsb,0
6930,dermatitis due to drugs and medicines taken internally,Seguranca/Protecao,0.2455776482820511,1,pritamdeka/S-BioBERT-snli-multinli-stsb,1
6930,dermatitis due to drugs and medicines taken internally,Enfrentamento/Tolerancia ao Estresse,0.23426610231399536,2,pritamdeka/S-BioBERT-snli-multinli-stsb,0
6930,dermatitis due to drugs and medicines taken internally,Percepcao/Cognicao,0.22135964035987854,3,pritamdeka/S-BioBERT-snli-multinli-stsb,0
7847,epistaxis,Enfrentamento/Tolerancia ao Estresse,0.24358665943145752,1,pritamdeka/S-BioBERT-snli-multinli-stsb,1
7847,epistaxis,Percepcao/Cognicao,0.21014678478240967,2,pritamdeka/S-BioBERT-snli-multinli-stsb,0
7847,epistaxis,Atividade/Repouso,0.20281483232975006,3,pritamdeka/S-BioBERT-snli-multinli-stsb,0
V4364,car passenger injured in collision with van in traffic accident,Conforto,0.10554636269807816,1,pritamdeka/S-BioBERT-snli-multinli-stsb,1
V4364,car passenger injured in collision with van in traffic accident,Percepcao/Cognicao,0.07967906445264816,2,pritamdeka/S-BioBERT-snli-multinli-stsb,0
V4364,car passenger injured in collision with van in traffic accident,Enfrentamento/Tolerancia ao Estresse,0.07285292446613312,3,pritamdeka/S-BioBERT-snli-multinli-stsb,0
V8537,"body mass index 37.0-37.9, adult",Atividade/Repouso,0.3187585473060608,1,pritamdeka/S-BioBERT-snli-multinli-stsb,1
V8537,"body mass index 37.0-37.9, adult",Promocao da Saude,0.2567412257194519,2,pritamdeka/S-BioBERT-snli-multinli-stsb,0
V8537,"body mass index 37.0-37.9, adult",Autopercepcao,0.24832968413829803,3,pritamdeka/S-BioBERT-snli-multinli-stsb,0
V8542,"body mass index 45.0-49.9, adult",Conforto,0.25201869010925293,1,pritamdeka/S-BioBERT-snli-multinli-stsb,1
V8542,"body mass index 45.0-49.9, adult",Papeis e Relacionamentos,0.22617772221565247,2,pritamdeka/S-BioBERT-snli-multinli-stsb,0
V8542,"body mass index 45.0-49.9, adult",Atividade/Repouso,0.22276464104652405,3,pritamdeka/S-BioBERT-snli-multinli-stsb,0
1369,unspecified infectious and parasitic diseases,Seguranca/Protecao,0.36240261793136597,1,pritamdeka/S-BioBERT-snli-multinli-stsb,1
1369,unspecified infectious and parasitic diseases,Percepcao/Cognicao,0.33593839406967163,2,pritamdeka/S-BioBERT-snli-multinli-stsb,0
1369,unspecified infectious and parasitic diseases,Sexualidade,0.307672917842865,3,pritamdeka/S-BioBERT-snli-multinli-stsb,0
23871,essential thrombocythemia,Seguranca/Protecao,0.2736247777938843,1,pritamdeka/S-BioBERT-snli-multinli-stsb,1
23871,essential thrombocythemia,Atividade/Repouso,0.26626506447792053,2,pritamdeka/S-BioBERT-snli-multinli-stsb,0
23871,essential thrombocythemia,Crescimento/Desenvolvimento,0.26050102710723877,3,pritamdeka/S-BioBERT-snli-multinli-stsb,0
3682,diplopia,Percepcao/Cognicao,0.2883436679840088,1,pritamdeka/S-BioBERT-snli-multinli-stsb,1
3682,diplopia,Eliminacao e Troca,0.19763022661209106,2,pritamdeka/S-BioBERT-snli-multinli-stsb,0
3682,diplopia,Atividade/Repouso,0.19753776490688324,3,pritamdeka/S-BioBERT-snli-multinli-stsb,0
42769,other premature beats,Atividade/Repouso,0.3076884150505066,1,pritamdeka/S-BioBERT-snli-multinli-stsb,1
42769,other premature beats,Crescimento/Desenvolvimento,0.28182899951934814,2,pritamdeka/S-BioBERT-snli-multinli-stsb,0
42769,other premature beats,Conforto,0.21563656628131866,3,pritamdeka/S-BioBERT-snli-multinli-stsb,0
6929,"contact dermatitis and other eczema, unspecified cause",Seguranca/Protecao,0.32559239864349365,1,pritamdeka/S-BioBERT-snli-multinli-stsb,1
6929,"contact dermatitis and other eczema, unspecified cause",Percepcao/Cognicao,0.28968122601509094,2,pritamdeka/S-BioBERT-snli-multinli-stsb,0
6929,"contact dermatitis and other eczema, unspecified cause",Eliminacao e Troca,0.21744176745414734,3,pritamdeka/S-BioBERT-snli-multinli-stsb,0
70400,"alopecia, unspecified",Autopercepcao,0.19558145105838776,1,pritamdeka/S-BioBERT-snli-multinli-stsb,1
70400,"alopecia, unspecified",Seguranca/Protecao,0.19472432136535645,2,pritamdeka/S-BioBERT-snli-multinli-stsb,0
70400,"alopecia, unspecified",Nutricao,0.1750364899635315,3,pritamdeka/S-BioBERT-snli-multinli-stsb,0
72252,degeneration of lumbar or lumbosacral intervertebral disc,Percepcao/Cognicao,0.36884480714797974,1,pritamdeka/S-BioBERT-snli-multinli-stsb,1
72252,degeneration of lumbar or lumbosacral intervertebral disc,Eliminacao e Troca,0.32354387640953064,2,pritamdeka/S-BioBERT-snli-multinli-stsb,0
72252,degeneration of lumbar or lumbosacral intervertebral disc,Atividade/Repouso,0.3189391493797302,3,pritamdeka/S-BioBERT-snli-multinli-stsb,0
72889,"other disorders of muscle, ligament, and fascia",Eliminacao e Troca,0.40401673316955566,1,pritamdeka/S-BioBERT-snli-multinli-stsb,1
72889,"other disorders of muscle, ligament, and fascia",Atividade/Repouso,0.3972555696964264,2,pritamdeka/S-BioBERT-snli-multinli-stsb,0
72889,"other disorders of muscle, ligament, and fascia",Conforto,0.3647136688232422,3,pritamdeka/S-BioBERT-snli-multinli-stsb,0
V1254,"personal history of transient ischemic attack (tia), and cerebral infarction without residual deficits",Percepcao/Cognicao,0.35621511936187744,1,pritamdeka/S-BioBERT-snli-multinli-stsb,1
V1254,"personal history of transient ischemic attack (tia), and cerebral infarction without residual deficits",Seguranca/Protecao,0.16303938627243042,2,pritamdeka/S-BioBERT-snli-multinli-stsb,0
V1254,"personal history of transient ischemic attack (tia), and cerebral infarction without residual deficits",Enfrentamento/Tolerancia ao Estresse,0.12446410953998566,3,pritamdeka/S-BioBERT-snli-multinli-stsb,0
V600,driver of heavy transport vehicle injured in collision with pedestrian or animal in nontraffic accident,Seguranca/Protecao,0.1459401249885559,1,pritamdeka/S-BioBERT-snli-multinli-stsb,1
V600,driver of heavy transport vehicle injured in collision with pedestrian or animal in nontraffic accident,Atividade/Repouso,0.14258547127246857,2,pritamdeka/S-BioBERT-snli-multinli-stsb,0
V600,driver of heavy transport vehicle injured in collision with pedestrian or animal in nontraffic accident,Percepcao/Cognicao,0.10319778323173523,3,pritamdeka/S-BioBERT-snli-multinli-stsb,0
2252,benign neoplasm of cerebral meninges,Percepcao/Cognicao,0.33361658453941345,1,pritamdeka/S-BioBERT-snli-multinli-stsb,1
2252,benign neoplasm of cerebral meninges,Nutricao,0.23857161402702332,2,pritamdeka/S-BioBERT-snli-multinli-stsb,0
2252,benign neoplasm of cerebral meninges,Crescimento/Desenvolvimento,0.2324237823486328,3,pritamdeka/S-BioBERT-snli-multinli-stsb,0
45182,phlebitis and thrombophlebitis of superficial veins of upper extremities,Seguranca/Protecao,0.30761775374412537,1,pritamdeka/S-BioBERT-snli-multinli-stsb,1
45182,phlebitis and thrombophlebitis of superficial veins of upper extremities,Percepcao/Cognicao,0.25916558504104614,2,pritamdeka/S-BioBERT-snli-multinli-stsb,0
45182,phlebitis and thrombophlebitis of superficial veins of upper extremities,Eliminacao e Troca,0.23433145880699158,3,pritamdeka/S-BioBERT-snli-multinli-stsb,0
E9600,unarmed fight or brawl,Seguranca/Protecao,0.08865326642990112,1,pritamdeka/S-BioBERT-snli-multinli-stsb,1
E9600,unarmed fight or brawl,Crescimento/Desenvolvimento,0.08041325211524963,2,pritamdeka/S-BioBERT-snli-multinli-stsb,0
E9600,unarmed fight or brawl,Autopercepcao,0.024327987805008888,3,pritamdeka/S-BioBERT-snli-multinli-stsb,0
V446,car passenger injured in collision with heavy transport vehicle or bus in traffic accident,Percepcao/Cognicao,0.16498930752277374,1,pritamdeka/S-BioBERT-snli-multinli-stsb,1
V446,car passenger injured in collision with heavy transport vehicle or bus in traffic accident,Enfrentamento/Tolerancia ao Estresse,0.13361579179763794,2,pritamdeka/S-BioBERT-snli-multinli-stsb,0
V446,car passenger injured in collision with heavy transport vehicle or bus in traffic accident,Conforto,0.1335621327161789,3,pritamdeka/S-BioBERT-snli-multinli-stsb,0
V4577,"acquired absence of organ, genital organs",Crescimento/Desenvolvimento,0.29083552956581116,1,pritamdeka/S-BioBERT-snli-multinli-stsb,1
V4577,"acquired absence of organ, genital organs",Sexualidade,0.25920963287353516,2,pritamdeka/S-BioBERT-snli-multinli-stsb,0
V4577,"acquired absence of organ, genital organs",Autopercepcao,0.20960567891597748,3,pritamdeka/S-BioBERT-snli-multinli-stsb,0
03843,septicemia due to pseudomonas,Seguranca/Protecao,0.3042680025100708,1,pritamdeka/S-BioBERT-snli-multinli-stsb,1
03843,septicemia due to pseudomonas,Percepcao/Cognicao,0.22052769362926483,2,pritamdeka/S-BioBERT-snli-multinli-stsb,0
03843,septicemia due to pseudomonas,Conforto,0.2033555656671524,3,pritamdeka/S-BioBERT-snli-multinli-stsb,0
4150,acute cor pulmonale,Atividade/Repouso,0.3559211194515228,1,pritamdeka/S-BioBERT-snli-multinli-stsb,1
4150,acute cor pulmonale,Conforto,0.31190621852874756,2,pritamdeka/S-BioBERT-snli-multinli-stsb,0
4150,acute cor pulmonale,Percepcao/Cognicao,0.2704431116580963,3,pritamdeka/S-BioBERT-snli-multinli-stsb,0
71690,"arthropathy, unspecified, site unspecified",Seguranca/Protecao,0.20670075714588165,1,pritamdeka/S-BioBERT-snli-multinli-stsb,1
71690,"arthropathy, unspecified, site unspecified",Eliminacao e Troca,0.17488941550254822,2,pritamdeka/S-BioBERT-snli-multinli-stsb,0
71690,"arthropathy, unspecified, site unspecified",Atividade/Repouso,0.16980654001235962,3,pritamdeka/S-BioBERT-snli-multinli-stsb,0
7804,dizziness and giddiness,Percepcao/Cognicao,0.2933425009250641,1,pritamdeka/S-BioBERT-snli-multinli-stsb,1
7804,dizziness and giddiness,Nutricao,0.27891671657562256,2,pritamdeka/S-BioBERT-snli-multinli-stsb,0
7804,dizziness and giddiness,Atividade/Repouso,0.2509675621986389,3,pritamdeka/S-BioBERT-snli-multinli-stsb,0
78079,other malaise and fatigue,Conforto,0.42323029041290283,1,pritamdeka/S-BioBERT-snli-multinli-stsb,1
78079,other malaise and fatigue,Atividade/Repouso,0.42231839895248413,2,pritamdeka/S-BioBERT-snli-multinli-stsb,0
78079,other malaise and fatigue,Percepcao/Cognicao,0.3821141719818115,3,pritamdeka/S-BioBERT-snli-multinli-stsb,0
79029,other abnormal glucose,Nutricao,0.3864617943763733,1,pritamdeka/S-BioBERT-snli-multinli-stsb,1
79029,other abnormal glucose,Atividade/Repouso,0.2835261821746826,2,pritamdeka/S-BioBERT-snli-multinli-stsb,0
79029,other abnormal glucose,Enfrentamento/Tolerancia ao Estresse,0.28331395983695984,3,pritamdeka/S-BioBERT-snli-multinli-stsb,0
V090,pedestrian injured in nontraffic accident involving other and unspecified motor vehicles,Seguranca/Protecao,0.14667168259620667,1,pritamdeka/S-BioBERT-snli-multinli-stsb,1
V090,pedestrian injured in nontraffic accident involving other and unspecified motor vehicles,Percepcao/Cognicao,0.14622558653354645,2,pritamdeka/S-BioBERT-snli-multinli-stsb,0
V090,pedestrian injured in nontraffic accident involving other and unspecified motor vehicles,Atividade/Repouso,0.13458339869976044,3,pritamdeka/S-BioBERT-snli-multinli-stsb,0
V1072,personal history of hodgkin's disease,Eliminacao e Troca,0.17328351736068726,1,pritamdeka/S-BioBERT-snli-multinli-stsb,1
V1072,personal history of hodgkin's disease,Papeis e Relacionamentos,0.14801311492919922,2,pritamdeka/S-BioBERT-snli-multinli-stsb,0
V1072,personal history of hodgkin's disease,Enfrentamento/Tolerancia ao Estresse,0.14466680586338043,3,pritamdeka/S-BioBERT-snli-multinli-stsb,0
V422,person on outside of car injured in collision with two- or three-wheeled motor vehicle in nontraffic accident,Percepcao/Cognicao,0.13421064615249634,1,pritamdeka/S-BioBERT-snli-multinli-stsb,1
V422,person on outside of car injured in collision with two- or three-wheeled motor vehicle in nontraffic accident,Atividade/Repouso,0.10406997799873352,2,pritamdeka/S-BioBERT-snli-multinli-stsb,0
V422,person on outside of car injured in collision with two- or three-wheeled motor vehicle in nontraffic accident,Seguranca/Protecao,0.0955948531627655,3,pritamdeka/S-BioBERT-snli-multinli-stsb,0
2768,hypopotassemia,Atividade/Repouso,0.2368803322315216,1,pritamdeka/S-BioBERT-snli-multinli-stsb,1
2768,hypopotassemia,Conforto,0.2117047905921936,2,pritamdeka/S-BioBERT-snli-multinli-stsb,0
2768,hypopotassemia,Seguranca/Protecao,0.21033883094787598,3,pritamdeka/S-BioBERT-snli-multinli-stsb,0
4588,other specified hypotension,Atividade/Repouso,0.32513442635536194,1,pritamdeka/S-BioBERT-snli-multinli-stsb,1
4588,other specified hypotension,Seguranca/Protecao,0.3170110881328583,2,pritamdeka/S-BioBERT-snli-multinli-stsb,0
4588,other specified hypotension,Percepcao/Cognicao,0.3070487380027771,3,pritamdeka/S-BioBERT-snli-multinli-stsb,0
V1202,personal history of poliomyelitis,Percepcao/Cognicao,0.27506914734840393,1,pritamdeka/S-BioBERT-snli-multinli-stsb,1
V1202,personal history of poliomyelitis,Conforto,0.27255576848983765,2,pritamdeka/S-BioBERT-snli-multinli-stsb,0
V1202,personal history of poliomyelitis,Enfrentamento/Tolerancia ao Estresse,0.207765132188797,3,pritamdeka/S-BioBERT-snli-multinli-stsb,0
V4561,cataract extraction status,Percepcao/Cognicao,0.2940828800201416,1,pritamdeka/S-BioBERT-snli-multinli-stsb,1
V4561,cataract extraction status,Autopercepcao,0.1979880928993225,2,pritamdeka/S-BioBERT-snli-multinli-stsb,0
V4561,cataract extraction status,Atividade/Repouso,0.19329386949539185,3,pritamdeka/S-BioBERT-snli-multinli-stsb,0
V6402,vaccination not carried out because of chronic illness or condition,Promocao da Saude,0.2828909754753113,1,pritamdeka/S-BioBERT-snli-multinli-stsb,1
V6402,vaccination not carried out because of chronic illness or condition,Seguranca/Protecao,0.281777560710907,2,pritamdeka/S-BioBERT-snli-multinli-stsb,0
V6402,vaccination not carried out because of chronic illness or condition,Crescimento/Desenvolvimento,0.20907118916511536,3,pritamdeka/S-BioBERT-snli-multinli-stsb,0
0380,streptococcal septicemia,Seguranca/Protecao,0.4229392409324646,1,pritamdeka/S-BioBERT-snli-multinli-stsb,1
0380,streptococcal septicemia,Percepcao/Cognicao,0.33610233664512634,2,pritamdeka/S-BioBERT-snli-multinli-stsb,0
0380,streptococcal septicemia,Enfrentamento/Tolerancia ao Estresse,0.23514850437641144,3,pritamdeka/S-BioBERT-snli-multinli-stsb,0
4571,other lymphedema,Nutricao,0.3019167482852936,1,pritamdeka/S-BioBERT-snli-multinli-stsb,1
4571,other lymphedema,Percepcao/Cognicao,0.2866176962852478,2,pritamdeka/S-BioBERT-snli-multinli-stsb,0
4571,other lymphedema,Eliminacao e Troca,0.22984421253204346,3,pritamdeka/S-BioBERT-snli-multinli-stsb,0
5579,unspecified vascular insufficiency of intestine,Eliminacao e Troca,0.31695595383644104,1,pritamdeka/S-BioBERT-snli-multinli-stsb,1
5579,unspecified vascular insufficiency of intestine,Nutricao,0.30719518661499023,2,pritamdeka/S-BioBERT-snli-multinli-stsb,0
5579,unspecified vascular insufficiency of intestine,Crescimento/Desenvolvimento,0.242439866065979,3,pritamdeka/S-BioBERT-snli-multinli-stsb,0
7102,sicca syndrome,Enfrentamento/Tolerancia ao Estresse,0.25470173358917236,1,pritamdeka/S-BioBERT-snli-multinli-stsb,1
7102,sicca syndrome,Percepcao/Cognicao,0.21650253236293793,2,pritamdeka/S-BioBERT-snli-multinli-stsb,0
7102,sicca syndrome,Eliminacao e Troca,0.20394641160964966,3,pritamdeka/S-BioBERT-snli-multinli-stsb,0
7200,ankylosing spondylitis,Eliminacao e Troca,0.2902200222015381,1,pritamdeka/S-BioBERT-snli-multinli-stsb,1
7200,ankylosing spondylitis,Atividade/Repouso,0.2759494185447693,2,pritamdeka/S-BioBERT-snli-multinli-stsb,0
7200,ankylosing spondylitis,Enfrentamento/Tolerancia ao Estresse,0.2508057951927185,3,pritamdeka/S-BioBERT-snli-multinli-stsb,0
36250,"macular degeneration (senile), unspecified",Percepcao/Cognicao,0.39389193058013916,1,pritamdeka/S-BioBERT-snli-multinli-stsb,1
36250,"macular degeneration (senile), unspecified",Nutricao,0.22127696871757507,2,pritamdeka/S-BioBERT-snli-multinli-stsb,0
36250,"macular degeneration (senile), unspecified",Eliminacao e Troca,0.2095118761062622,3,pritamdeka/S-BioBERT-snli-multinli-stsb,0
587,"renal sclerosis, unspecified",Eliminacao e Troca,0.33964836597442627,1,pritamdeka/S-BioBERT-snli-multinli-stsb,1
587,"renal sclerosis, unspecified",Percepcao/Cognicao,0.22046232223510742,2,pritamdeka/S-BioBERT-snli-multinli-stsb,0
587,"renal sclerosis, unspecified",Atividade/Repouso,0.2052846997976303,3,pritamdeka/S-BioBERT-snli-multinli-stsb,0
6186,"vaginal enterocele, congenital or acquired",Eliminacao e Troca,0.4274052381515503,1,pritamdeka/S-BioBERT-snli-multinli-stsb,1
6186,"vaginal enterocele, congenital or acquired",Sexualidade,0.41829878091812134,2,pritamdeka/S-BioBERT-snli-multinli-stsb,0
6186,"vaginal enterocele, congenital or acquired",Nutricao,0.3826189935207367,3,pritamdeka/S-BioBERT-snli-multinli-stsb,0
7213,lumbosacral spondylosis without myelopathy,Percepcao/Cognicao,0.27534961700439453,1,pritamdeka/S-BioBERT-snli-multinli-stsb,1
7213,lumbosacral spondylosis without myelopathy,Atividade/Repouso,0.2061893194913864,2,pritamdeka/S-BioBERT-snli-multinli-stsb,0
7213,lumbosacral spondylosis without myelopathy,Conforto,0.19566649198532104,3,pritamdeka/S-BioBERT-snli-multinli-stsb,0
75261,hypospadias,Sexualidade,0.2563096880912781,1,pritamdeka/S-BioBERT-snli-multinli-stsb,1
75261,hypospadias,Crescimento/Desenvolvimento,0.2364954948425293,2,pritamdeka/S-BioBERT-snli-multinli-stsb,0
75261,hypospadias,Atividade/Repouso,0.18935981392860413,3,pritamdeka/S-BioBERT-snli-multinli-stsb,0
E8782,"surgical operation with anastomosis, bypass, or graft, with natural or artificial tissues used as implant causing abnormal patient reaction, or later complication, without mention of misadventure at time of operation",Seguranca/Protecao,0.3232484459877014,1,pritamdeka/S-BioBERT-snli-multinli-stsb,1
E8782,"surgical operation with anastomosis, bypass, or graft, with natural or artificial tissues used as implant causing abnormal patient reaction, or later complication, without mention of misadventure at time of operation",Sexualidade,0.2351091057062149,2,pritamdeka/S-BioBERT-snli-multinli-stsb,0
E8782,"surgical operation with anastomosis, bypass, or graft, with natural or artificial tissues used as implant causing abnormal patient reaction, or later complication, without mention of misadventure at time of operation",Percepcao/Cognicao,0.23048731684684753,3,pritamdeka/S-BioBERT-snli-multinli-stsb,0
V1279,personal history of other diseases of digestive system,Eliminacao e Troca,0.5215628147125244,1,pritamdeka/S-BioBERT-snli-multinli-stsb,1
V1279,personal history of other diseases of digestive system,Nutricao,0.4066619277000427,2,pritamdeka/S-BioBERT-snli-multinli-stsb,0
V1279,personal history of other diseases of digestive system,Percepcao/Cognicao,0.3839259147644043,3,pritamdeka/S-BioBERT-snli-multinli-stsb,0
V161,pedal cycle passenger injured in collision with other nonmotor vehicle in nontraffic accident,Atividade/Repouso,0.2257206290960312,1,pritamdeka/S-BioBERT-snli-multinli-stsb,1
V161,pedal cycle passenger injured in collision with other nonmotor vehicle in nontraffic accident,Percepcao/Cognicao,0.1221771240234375,2,pritamdeka/S-BioBERT-snli-multinli-stsb,0
V161,pedal cycle passenger injured in collision with other nonmotor vehicle in nontraffic accident,Conforto,0.10971281677484512,3,pritamdeka/S-BioBERT-snli-multinli-stsb,0
V431,"car passenger injured in collision with car, pick-up truck or van in nontraffic accident",Percepcao/Cognicao,0.14912322163581848,1,pritamdeka/S-BioBERT-snli-multinli-stsb,1
V431,"car passenger injured in collision with car, pick-up truck or van in nontraffic accident",Enfrentamento/Tolerancia ao Estresse,0.1263132393360138,2,pritamdeka/S-BioBERT-snli-multinli-stsb,0
V431,"car passenger injured in collision with car, pick-up truck or van in nontraffic accident",Conforto,0.11749733239412308,3,pritamdeka/S-BioBERT-snli-multinli-stsb,0
2449,unspecified acquired hypothyroidism,Seguranca/Protecao,0.3141225576400757,1,pritamdeka/S-BioBERT-snli-multinli-stsb,1
2449,unspecified acquired hypothyroidism,Percepcao/Cognicao,0.26495933532714844,2,pritamdeka/S-BioBERT-snli-multinli-stsb,0
2449,unspecified acquired hypothyroidism,Nutricao,0.2501434087753296,3,pritamdeka/S-BioBERT-snli-multinli-stsb,0
2724,other and unspecified hyperlipidemia,Nutricao,0.3336066007614136,1,pritamdeka/S-BioBERT-snli-multinli-stsb,1
2724,other and unspecified hyperlipidemia,Eliminacao e Troca,0.3008015751838684,2,pritamdeka/S-BioBERT-snli-multinli-stsb,0
2724,other and unspecified hyperlipidemia,Atividade/Repouso,0.26424986124038696,3,pritamdeka/S-BioBERT-snli-multinli-stsb,0
30393,"other and unspecified alcohol dependence, in remission",Enfrentamento/Tolerancia ao Estresse,0.32295313477516174,1,pritamdeka/S-BioBERT-snli-multinli-stsb,1
30393,"other and unspecified alcohol dependence, in remission",Eliminacao e Troca,0.24057772755622864,2,pritamdeka/S-BioBERT-snli-multinli-stsb,0
30393,"other and unspecified alcohol dependence, in remission",Percepcao/Cognicao,0.15881985425949097,3,pritamdeka/S-BioBERT-snli-multinli-stsb,0
41402,coronary atherosclerosis of autologous vein bypass graft,Atividade/Repouso,0.27059656381607056,1,pritamdeka/S-BioBERT-snli-multinli-stsb,1
41402,coronary atherosclerosis of autologous vein bypass graft,Sexualidade,0.23272685706615448,2,pritamdeka/S-BioBERT-snli-multinli-stsb,0
41402,coronary atherosclerosis of autologous vein bypass graft,Seguranca/Protecao,0.17889074981212616,3,pritamdeka/S-BioBERT-snli-multinli-stsb,0
5531,umbilical hernia without mention of obstruction or gangrene,Seguranca/Protecao,0.2258259803056717,1,pritamdeka/S-BioBERT-snli-multinli-stsb,1
5531,umbilical hernia without mention of obstruction or gangrene,Crescimento/Desenvolvimento,0.18421752750873566,2,pritamdeka/S-BioBERT-snli-multinli-stsb,0
5531,umbilical hernia without mention of obstruction or gangrene,Percepcao/Cognicao,0.17904292047023773,3,pritamdeka/S-BioBERT-snli-multinli-stsb,0
72403,"spinal stenosis, lumbar region, with neurogenic claudication",Conforto,0.37567734718322754,1,pritamdeka/S-BioBERT-snli-multinli-stsb,1
72403,"spinal stenosis, lumbar region, with neurogenic claudication",Atividade/Repouso,0.3712312579154968,2,pritamdeka/S-BioBERT-snli-multinli-stsb,0
72403,"spinal stenosis, lumbar region, with neurogenic claudication",Percepcao/Cognicao,0.3397393822669983,3,pritamdeka/S-BioBERT-snli-multinli-stsb,0
V4582,percutaneous transluminal coronary angioplasty status,Atividade/Repouso,0.31951743364334106,1,pritamdeka/S-BioBERT-snli-multinli-stsb,1
V4582,percutaneous transluminal coronary angioplasty status,Sexualidade,0.2600722312927246,2,pritamdeka/S-BioBERT-snli-multinli-stsb,0
V4582,percutaneous transluminal coronary angioplasty status,Conforto,0.2050398588180542,3,pritamdeka/S-BioBERT-snli-multinli-stsb,0
V8541,"body mass index 40.0-44.9, adult",Conforto,0.26514101028442383,1,pritamdeka/S-BioBERT-snli-multinli-stsb,1
V8541,"body mass index 40.0-44.9, adult",Atividade/Repouso,0.20417815446853638,2,pritamdeka/S-BioBERT-snli-multinli-stsb,0
V8541,"body mass index 40.0-44.9, adult",Nutricao,0.18827128410339355,3,pritamdeka/S-BioBERT-snli-multinli-stsb,0
5693,hemorrhage of rectum and anus,Eliminacao e Troca,0.3712283968925476,1,pritamdeka/S-BioBERT-snli-multinli-stsb,1
5693,hemorrhage of rectum and anus,Sexualidade,0.27859145402908325,2,pritamdeka/S-BioBERT-snli-multinli-stsb,0
5693,hemorrhage of rectum and anus,Nutricao,0.26505786180496216,3,pritamdeka/S-BioBERT-snli-multinli-stsb,0
56981,"fistula of intestine, excluding rectum and anus",Eliminacao e Troca,0.3379839062690735,1,pritamdeka/S-BioBERT-snli-multinli-stsb,1
56981,"fistula of intestine, excluding rectum and anus",Nutricao,0.2396116852760315,2,pritamdeka/S-BioBERT-snli-multinli-stsb,0
56981,"fistula of intestine, excluding rectum and anus",Seguranca/Protecao,0.20671719312667847,3,pritamdeka/S-BioBERT-snli-multinli-stsb,0
56989,other specified disorders of intestine,Eliminacao e Troca,0.5162639617919922,1,pritamdeka/S-BioBERT-snli-multinli-stsb,1
56989,other specified disorders of intestine,Nutricao,0.4431084990501404,2,pritamdeka/S-BioBERT-snli-multinli-stsb,0
56989,other specified disorders of intestine,Percepcao/Cognicao,0.3482207655906677,3,pritamdeka/S-BioBERT-snli-multinli-stsb,0
5768,other specified disorders of biliary tract,Eliminacao e Troca,0.511500358581543,1,pritamdeka/S-BioBERT-snli-multinli-stsb,1
5768,other specified disorders of biliary tract,Nutricao,0.3517381250858307,2,pritamdeka/S-BioBERT-snli-multinli-stsb,0
5768,other specified disorders of biliary tract,Percepcao/Cognicao,0.34268078207969666,3,pritamdeka/S-BioBERT-snli-multinli-stsb,0
6253,dysmenorrhea,Eliminacao e Troca,0.4039299488067627,1,pritamdeka/S-BioBERT-snli-multinli-stsb,1
6253,dysmenorrhea,Conforto,0.3785093426704407,2,pritamdeka/S-BioBERT-snli-multinli-stsb,0
6253,dysmenorrhea,Sexualidade,0.37152737379074097,3,pritamdeka/S-BioBERT-snli-multinli-stsb,0
7224,degeneration of cervical intervertebral disc,Percepcao/Cognicao,0.4012242555618286,1,pritamdeka/S-BioBERT-snli-multinli-stsb,1
7224,degeneration of cervical intervertebral disc,Atividade/Repouso,0.3211730718612671,2,pritamdeka/S-BioBERT-snli-multinli-stsb,0
7224,degeneration of cervical intervertebral disc,Conforto,0.3158451020717621,3,pritamdeka/S-BioBERT-snli-multinli-stsb,0
7916,acetonuria,Eliminacao e Troca,0.28437894582748413,1,pritamdeka/S-BioBERT-snli-multinli-stsb,1
7916,acetonuria,Nutricao,0.25396135449409485,2,pritamdeka/S-BioBERT-snli-multinli-stsb,0
7916,acetonuria,Atividade/Repouso,0.13770698010921478,3,pritamdeka/S-BioBERT-snli-multinli-stsb,0
V169,unspecified pedal cyclist injured in collision with other nonmotor vehicle in traffic accident,Atividade/Repouso,0.21445533633232117,1,pritamdeka/S-BioBERT-snli-multinli-stsb,1
V169,unspecified pedal cyclist injured in collision with other nonmotor vehicle in traffic accident,Percepcao/Cognicao,0.12304271012544632,2,pritamdeka/S-BioBERT-snli-multinli-stsb,0
V169,unspecified pedal cyclist injured in collision with other nonmotor vehicle in traffic accident,Conforto,0.11338800191879272,3,pritamdeka/S-BioBERT-snli-multinli-stsb,0
1179,other and unspecified mycoses,Percepcao/Cognicao,0.3065667450428009,1,pritamdeka/S-BioBERT-snli-multinli-stsb,1
1179,other and unspecified mycoses,Seguranca/Protecao,0.26733532547950745,2,pritamdeka/S-BioBERT-snli-multinli-stsb,0
1179,other and unspecified mycoses,Enfrentamento/Tolerancia ao Estresse,0.22917571663856506,3,pritamdeka/S-BioBERT-snli-multinli-stsb,0
2410,nontoxic uninodular goiter,Nutricao,0.19189691543579102,1,pritamdeka/S-BioBERT-snli-multinli-stsb,1
2410,nontoxic uninodular goiter,Eliminacao e Troca,0.19054275751113892,2,pritamdeka/S-BioBERT-snli-multinli-stsb,0
2410,nontoxic uninodular goiter,Seguranca/Protecao,0.1833576261997223,3,pritamdeka/S-BioBERT-snli-multinli-stsb,0
33520,amyotrophic lateral sclerosis,Percepcao/Cognicao,0.46200770139694214,1,pritamdeka/S-BioBERT-snli-multinli-stsb,1
33520,amyotrophic lateral sclerosis,Atividade/Repouso,0.25719714164733887,2,pritamdeka/S-BioBERT-snli-multinli-stsb,0
33520,amyotrophic lateral sclerosis,Enfrentamento/Tolerancia ao Estresse,0.2455514520406723,3,pritamdeka/S-BioBERT-snli-multinli-stsb,0
42732,atrial flutter,Atividade/Repouso,0.29434171319007874,1,pritamdeka/S-BioBERT-snli-multinli-stsb,1
42732,atrial flutter,Sexualidade,0.15831100940704346,2,pritamdeka/S-BioBERT-snli-multinli-stsb,0
42732,atrial flutter,Eliminacao e Troca,0.1576535701751709,3,pritamdeka/S-BioBERT-snli-multinli-stsb,0
53560,"duodenitis, without mention of hemorrhage",Eliminacao e Troca,0.26378554105758667,1,pritamdeka/S-BioBERT-snli-multinli-stsb,1
53560,"duodenitis, without mention of hemorrhage",Seguranca/Protecao,0.2417837679386139,2,pritamdeka/S-BioBERT-snli-multinli-stsb,0
53560,"duodenitis, without mention of hemorrhage",Nutricao,0.2370615303516388,3,pritamdeka/S-BioBERT-snli-multinli-stsb,0
78606,tachypnea,Atividade/Repouso,0.4065020680427551,1,pritamdeka/S-BioBERT-snli-multinli-stsb,1
78606,tachypnea,Conforto,0.32538631558418274,2,pritamdeka/S-BioBERT-snli-multinli-stsb,0
78606,tachypnea,Enfrentamento/Tolerancia ao Estresse,0.27471134066581726,3,pritamdeka/S-BioBERT-snli-multinli-stsb,0
78609,other respiratory abnormalities,Atividade/Repouso,0.4580680727958679,1,pritamdeka/S-BioBERT-snli-multinli-stsb,1
78609,other respiratory abnormalities,Eliminacao e Troca,0.3580267131328583,2,pritamdeka/S-BioBERT-snli-multinli-stsb,0
78609,other respiratory abnormalities,Percepcao/Cognicao,0.3366833031177521,3,pritamdeka/S-BioBERT-snli-multinli-stsb,0
E8708,"accidental cut, puncture, perforation or hemorrhage during other specified medical care",Seguranca/Protecao,0.4436441659927368,1,pritamdeka/S-BioBERT-snli-multinli-stsb,1
E8708,"accidental cut, puncture, perforation or hemorrhage during other specified medical care",Percepcao/Cognicao,0.36261236667633057,2,pritamdeka/S-BioBERT-snli-multinli-stsb,0
E8708,"accidental cut, puncture, perforation or hemorrhage during other specified medical care",Conforto,0.28873151540756226,3,pritamdeka/S-BioBERT-snli-multinli-stsb,0
V1079,personal history of other lymphatic and hematopoietic neoplasms,Percepcao/Cognicao,0.3754916191101074,1,pritamdeka/S-BioBERT-snli-multinli-stsb,1
V1079,personal history of other lymphatic and hematopoietic neoplasms,Conforto,0.33620601892471313,2,pritamdeka/S-BioBERT-snli-multinli-stsb,0
V1079,personal history of other lymphatic and hematopoietic neoplasms,Seguranca/Protecao,0.31159284710884094,3,pritamdeka/S-BioBERT-snli-multinli-stsb,0
V620,driver of heavy transport vehicle injured in collision with two- or three-wheeled motor vehicle in nontraffic accident,Atividade/Repouso,0.16611194610595703,1,pritamdeka/S-BioBERT-snli-multinli-stsb,1
V620,driver of heavy transport vehicle injured in collision with two- or three-wheeled motor vehicle in nontraffic accident,Percepcao/Cognicao,0.15524137020111084,2,pritamdeka/S-BioBERT-snli-multinli-stsb,0
V620,driver of heavy transport vehicle injured in collision with two- or three-wheeled motor vehicle in nontraffic accident,Seguranca/Protecao,0.10816962271928787,3,pritamdeka/S-BioBERT-snli-multinli-stsb,0
41400,"coronary atherosclerosis of unspecified type of vessel, native or graft",Atividade/Repouso,0.3111312687397003,1,pritamdeka/S-BioBERT-snli-multinli-stsb,1
41400,"coronary atherosclerosis of unspecified type of vessel, native or graft",Sexualidade,0.22343327105045319,2,pritamdeka/S-BioBERT-snli-multinli-stsb,0
41400,"coronary atherosclerosis of unspecified type of vessel, native or graft",Eliminacao e Troca,0.2069007158279419,3,pritamdeka/S-BioBERT-snli-multinli-stsb,0
5570,acute vascular insufficiency of intestine,Eliminacao e Troca,0.3676154613494873,1,pritamdeka/S-BioBERT-snli-multinli-stsb,1
5570,acute vascular insufficiency of intestine,Nutricao,0.3133576214313507,2,pritamdeka/S-BioBERT-snli-multinli-stsb,0
5570,acute vascular insufficiency of intestine,Crescimento/Desenvolvimento,0.26310551166534424,3,pritamdeka/S-BioBERT-snli-multinli-stsb,0
60886,edema of male genital organs,Sexualidade,0.41701000928878784,1,pritamdeka/S-BioBERT-snli-multinli-stsb,1
60886,edema of male genital organs,Eliminacao e Troca,0.32589399814605713,2,pritamdeka/S-BioBERT-snli-multinli-stsb,0
60886,edema of male genital organs,Nutricao,0.278131902217865,3,pritamdeka/S-BioBERT-snli-multinli-stsb,0
71696,"arthropathy, unspecified, lower leg",Eliminacao e Troca,0.23842431604862213,1,pritamdeka/S-BioBERT-snli-multinli-stsb,1
71696,"arthropathy, unspecified, lower leg",Atividade/Repouso,0.22379982471466064,2,pritamdeka/S-BioBERT-snli-multinli-stsb,0
71696,"arthropathy, unspecified, lower leg",Conforto,0.2094389647245407,3,pritamdeka/S-BioBERT-snli-multinli-stsb,0
72888,rhabdomyolysis,Eliminacao e Troca,0.30912530422210693,1,pritamdeka/S-BioBERT-snli-multinli-stsb,1
72888,rhabdomyolysis,Atividade/Repouso,0.2859635353088379,2,pritamdeka/S-BioBERT-snli-multinli-stsb,0
72888,rhabdomyolysis,Percepcao/Cognicao,0.2646283805370331,3,pritamdeka/S-BioBERT-snli-multinli-stsb,0
7318,other bone involvement in diseases classified elsewhere,Atividade/Repouso,0.3332638144493103,1,pritamdeka/S-BioBERT-snli-multinli-stsb,1
7318,other bone involvement in diseases classified elsewhere,Eliminacao e Troca,0.285626083612442,2,pritamdeka/S-BioBERT-snli-multinli-stsb,0
7318,other bone involvement in diseases classified elsewhere,Conforto,0.2651885449886322,3,pritamdeka/S-BioBERT-snli-multinli-stsb,0
78838,overflow incontinence,Eliminacao e Troca,0.3982383608818054,1,pritamdeka/S-BioBERT-snli-multinli-stsb,1
78838,overflow incontinence,Sexualidade,0.33503568172454834,2,pritamdeka/S-BioBERT-snli-multinli-stsb,0
78838,overflow incontinence,Nutricao,0.31655049324035645,3,pritamdeka/S-BioBERT-snli-multinli-stsb,0
7919,other nonspecific findings on examination of urine,Eliminacao e Troca,0.4028218686580658,1,pritamdeka/S-BioBERT-snli-multinli-stsb,1
7919,other nonspecific findings on examination of urine,Nutricao,0.35146045684814453,2,pritamdeka/S-BioBERT-snli-multinli-stsb,0
7919,other nonspecific findings on examination of urine,Percepcao/Cognicao,0.27578306198120117,3,pritamdeka/S-BioBERT-snli-multinli-stsb,0
V4589,other postprocedural status,Sexualidade,0.23702307045459747,1,pritamdeka/S-BioBERT-snli-multinli-stsb,1
V4589,other postprocedural status,Percepcao/Cognicao,0.22253437340259552,2,pritamdeka/S-BioBERT-snli-multinli-stsb,0
V4589,other postprocedural status,Enfrentamento/Tolerancia ao Estresse,0.21475142240524292,3,pritamdeka/S-BioBERT-snli-multinli-stsb,0
V6441,laparoscopic surgical procedure converted to open procedure,Enfrentamento/Tolerancia ao Estresse,0.13124339282512665,1,pritamdeka/S-BioBERT-snli-multinli-stsb,1
V6441,laparoscopic surgical procedure converted to open procedure,Eliminacao e Troca,0.11153309047222137,2,pritamdeka/S-BioBERT-snli-multinli-stsb,0
V6441,laparoscopic surgical procedure converted to open procedure,Sexualidade,0.10678824782371521,3,pritamdeka/S-BioBERT-snli-multinli-stsb,0
V8801,acquired absence of both cervix and uterus,Crescimento/Desenvolvimento,0.20531809329986572,1,pritamdeka/S-BioBERT-snli-multinli-stsb,1
V8801,acquired absence of both cervix and uterus,Sexualidade,0.18076308071613312,2,pritamdeka/S-BioBERT-snli-multinli-stsb,0
V8801,acquired absence of both cervix and uterus,Conforto,0.17427486181259155,3,pritamdeka/S-BioBERT-snli-multinli-stsb,0
2749,"gout, unspecified",Eliminacao e Troca,0.230157732963562,1,pritamdeka/S-BioBERT-snli-multinli-stsb,1
2749,"gout, unspecified",Nutricao,0.21529023349285126,2,pritamdeka/S-BioBERT-snli-multinli-stsb,0
2749,"gout, unspecified",Seguranca/Protecao,0.16667677462100983,3,pritamdeka/S-BioBERT-snli-multinli-stsb,0
28419,other pancytopenia,Conforto,0.36290132999420166,1,pritamdeka/S-BioBERT-snli-multinli-stsb,1
28419,other pancytopenia,Percepcao/Cognicao,0.3112472891807556,2,pritamdeka/S-BioBERT-snli-multinli-stsb,0
28419,other pancytopenia,Eliminacao e Troca,0.28243908286094666,3,pritamdeka/S-BioBERT-snli-multinli-stsb,0
44329,dissection of other artery,Atividade/Repouso,0.2102946639060974,1,pritamdeka/S-BioBERT-snli-multinli-stsb,1
44329,dissection of other artery,Percepcao/Cognicao,0.19955208897590637,2,pritamdeka/S-BioBERT-snli-multinli-stsb,0
44329,dissection of other artery,Eliminacao e Troca,0.15819329023361206,3,pritamdeka/S-BioBERT-snli-multinli-stsb,0
45829,other iatrogenic hypotension,Atividade/Repouso,0.3404494524002075,1,pritamdeka/S-BioBERT-snli-multinli-stsb,1
45829,other iatrogenic hypotension,Seguranca/Protecao,0.33240413665771484,2,pritamdeka/S-BioBERT-snli-multinli-stsb,0
45829,other iatrogenic hypotension,Nutricao,0.2989521324634552,3,pritamdeka/S-BioBERT-snli-multinli-stsb,0
496,"chronic airway obstruction, not elsewhere classified",Atividade/Repouso,0.3848130702972412,1,pritamdeka/S-BioBERT-snli-multinli-stsb,1
496,"chronic airway obstruction, not elsewhere classified",Conforto,0.30816730856895447,2,pritamdeka/S-BioBERT-snli-multinli-stsb,0
496,"chronic airway obstruction, not elsewhere classified",Eliminacao e Troca,0.2653033435344696,3,pritamdeka/S-BioBERT-snli-multinli-stsb,0
72402,"spinal stenosis, lumbar region, without neurogenic claudication",Percepcao/Cognicao,0.24829480051994324,1,pritamdeka/S-BioBERT-snli-multinli-stsb,1
72402,"spinal stenosis, lumbar region, without neurogenic claudication",Atividade/Repouso,0.2346166968345642,2,pritamdeka/S-BioBERT-snli-multinli-stsb,0
72402,"spinal stenosis, lumbar region, without neurogenic claudication",Seguranca/Protecao,0.22469322383403778,3,pritamdeka/S-BioBERT-snli-multinli-stsb,0
7245,"backache, unspecified",Conforto,0.2749585509300232,1,pritamdeka/S-BioBERT-snli-multinli-stsb,1
7245,"backache, unspecified",Percepcao/Cognicao,0.2069951742887497,2,pritamdeka/S-BioBERT-snli-multinli-stsb,0
7245,"backache, unspecified",Eliminacao e Troca,0.19388020038604736,3,pritamdeka/S-BioBERT-snli-multinli-stsb,0
7851,palpitations,Atividade/Repouso,0.3882253170013428,1,pritamdeka/S-BioBERT-snli-multinli-stsb,1
7851,palpitations,Conforto,0.25043874979019165,2,pritamdeka/S-BioBERT-snli-multinli-stsb,0
7851,palpitations,Principios Vitais,0.17338286340236664,3,pritamdeka/S-BioBERT-snli-multinli-stsb,0
E8768,other specified misadventures during medical care,Conforto,0.3162245750427246,1,pritamdeka/S-BioBERT-snli-multinli-stsb,1
E8768,other specified misadventures during medical care,Enfrentamento/Tolerancia ao Estresse,0.298959881067276,2,pritamdeka/S-BioBERT-snli-multinli-stsb,0
E8768,other specified misadventures during medical care,Atividade/Repouso,0.29011040925979614,3,pritamdeka/S-BioBERT-snli-multinli-stsb,0
V8739,contact with and (suspected) exposure to other potentially hazardous substances,Enfrentamento/Tolerancia ao Estresse,0.40078437328338623,1,pritamdeka/S-BioBERT-snli-multinli-stsb,1
V8739,contact with and (suspected) exposure to other potentially hazardous substances,Seguranca/Protecao,0.3560214042663574,2,pritamdeka/S-BioBERT-snli-multinli-stsb,0
V8739,contact with and (suspected) exposure to other potentially hazardous substances,Percepcao/Cognicao,0.3395209312438965,3,pritamdeka/S-BioBERT-snli-multinli-stsb,0
28749,other secondary thrombocytopenia,Percepcao/Cognicao,0.31717386841773987,1,pritamdeka/S-BioBERT-snli-multinli-stsb,1
28749,other secondary thrombocytopenia,Crescimento/Desenvolvimento,0.3102785348892212,2,pritamdeka/S-BioBERT-snli-multinli-stsb,0
28749,other secondary thrombocytopenia,Conforto,0.29951056838035583,3,pritamdeka/S-BioBERT-snli-multinli-stsb,0
30503,"alcohol abuse, in remission",Enfrentamento/Tolerancia ao Estresse,0.22425998747348785,1,pritamdeka/S-BioBERT-snli-multinli-stsb,1
30503,"alcohol abuse, in remission",Eliminacao e Troca,0.16575589776039124,2,pritamdeka/S-BioBERT-snli-multinli-stsb,0
30503,"alcohol abuse, in remission",Papeis e Relacionamentos,0.1567617803812027,3,pritamdeka/S-BioBERT-snli-multinli-stsb,0
30560,"cocaine abuse, unspecified",Enfrentamento/Tolerancia ao Estresse,0.1977960616350174,1,pritamdeka/S-BioBERT-snli-multinli-stsb,1
30560,"cocaine abuse, unspecified",Principios Vitais,0.11187361180782318,2,pritamdeka/S-BioBERT-snli-multinli-stsb,0
30560,"cocaine abuse, unspecified",Autopercepcao,0.0953817293047905,3,pritamdeka/S-BioBERT-snli-multinli-stsb,0
4471,stricture of artery,Atividade/Repouso,0.25428563356399536,1,pritamdeka/S-BioBERT-snli-multinli-stsb,1
4471,stricture of artery,Eliminacao e Troca,0.2233094573020935,2,pritamdeka/S-BioBERT-snli-multinli-stsb,0
4471,stricture of artery,Percepcao/Cognicao,0.1707661747932434,3,pritamdeka/S-BioBERT-snli-multinli-stsb,0
45385,acute venous embolism and thrombosis of subclavian veins,Percepcao/Cognicao,0.3246230185031891,1,pritamdeka/S-BioBERT-snli-multinli-stsb,1
45385,acute venous embolism and thrombosis of subclavian veins,Seguranca/Protecao,0.31056922674179077,2,pritamdeka/S-BioBERT-snli-multinli-stsb,0
45385,acute venous embolism and thrombosis of subclavian veins,Atividade/Repouso,0.29586273431777954,3,pritamdeka/S-BioBERT-snli-multinli-stsb,0
5262,other cysts of jaws,Crescimento/Desenvolvimento,0.26200416684150696,1,pritamdeka/S-BioBERT-snli-multinli-stsb,1
5262,other cysts of jaws,Percepcao/Cognicao,0.2549208700656891,2,pritamdeka/S-BioBERT-snli-multinli-stsb,0
5262,other cysts of jaws,Eliminacao e Troca,0.23500609397888184,3,pritamdeka/S-BioBERT-snli-multinli-stsb,0
570,acute and subacute necrosis of liver,Percepcao/Cognicao,0.31896382570266724,1,pritamdeka/S-BioBERT-snli-multinli-stsb,1
570,acute and subacute necrosis of liver,Eliminacao e Troca,0.27828073501586914,2,pritamdeka/S-BioBERT-snli-multinli-stsb,0
570,acute and subacute necrosis of liver,Seguranca/Protecao,0.26043465733528137,3,pritamdeka/S-BioBERT-snli-multinli-stsb,0
V4579,other acquired absence of organ,Crescimento/Desenvolvimento,0.3250190317630768,1,pritamdeka/S-BioBERT-snli-multinli-stsb,1
V4579,other acquired absence of organ,Percepcao/Cognicao,0.19441887736320496,2,pritamdeka/S-BioBERT-snli-multinli-stsb,0
V4579,other acquired absence of organ,Eliminacao e Troca,0.18817439675331116,3,pritamdeka/S-BioBERT-snli-multinli-stsb,0
V8521,"body mass index 25.0-25.9, adult",Autopercepcao,0.2601318955421448,1,pritamdeka/S-BioBERT-snli-multinli-stsb,1
V8521,"body mass index 25.0-25.9, adult",Atividade/Repouso,0.25582078099250793,2,pritamdeka/S-BioBERT-snli-multinli-stsb,0
V8521,"body mass index 25.0-25.9, adult",Nutricao,0.18550366163253784,3,pritamdeka/S-BioBERT-snli-multinli-stsb,0
V8536,"body mass index 36.0-36.9, adult",Atividade/Repouso,0.28759336471557617,1,pritamdeka/S-BioBERT-snli-multinli-stsb,1
V8536,"body mass index 36.0-36.9, adult",Enfrentamento/Tolerancia ao Estresse,0.23433838784694672,2,pritamdeka/S-BioBERT-snli-multinli-stsb,0
V8536,"body mass index 36.0-36.9, adult",Autopercepcao,0.2340470850467682,3,pritamdeka/S-BioBERT-snli-multinli-stsb,0
2555,other adrenal hypofunction,Atividade/Repouso,0.3357082009315491,1,pritamdeka/S-BioBERT-snli-multinli-stsb,1
2555,other adrenal hypofunction,Crescimento/Desenvolvimento,0.3278089165687561,2,pritamdeka/S-BioBERT-snli-multinli-stsb,0
2555,other adrenal hypofunction,Eliminacao e Troca,0.31806713342666626,3,pritamdeka/S-BioBERT-snli-multinli-stsb,0
2875,"thrombocytopenia, unspecified",Seguranca/Protecao,0.2631685733795166,1,pritamdeka/S-BioBERT-snli-multinli-stsb,1
2875,"thrombocytopenia, unspecified",Conforto,0.25589364767074585,2,pritamdeka/S-BioBERT-snli-multinli-stsb,0
2875,"thrombocytopenia, unspecified",Crescimento/Desenvolvimento,0.24580323696136475,3,pritamdeka/S-BioBERT-snli-multinli-stsb,0
73730,"scoliosis [and kyphoscoliosis], idiopathic",Atividade/Repouso,0.3642216920852661,1,pritamdeka/S-BioBERT-snli-multinli-stsb,1
73730,"scoliosis [and kyphoscoliosis], idiopathic",Autopercepcao,0.2997356057167053,2,pritamdeka/S-BioBERT-snli-multinli-stsb,0
73730,"scoliosis [and kyphoscoliosis], idiopathic",Percepcao/Cognicao,0.28988999128341675,3,pritamdeka/S-BioBERT-snli-multinli-stsb,0
78094,early satiety,Crescimento/Desenvolvimento,0.29493236541748047,1,pritamdeka/S-BioBERT-snli-multinli-stsb,1
78094,early satiety,Nutricao,0.23990613222122192,2,pritamdeka/S-BioBERT-snli-multinli-stsb,0
78094,early satiety,Autopercepcao,0.2191833257675171,3,pritamdeka/S-BioBERT-snli-multinli-stsb,0
78469,other symbolic dysfunction,Percepcao/Cognicao,0.29432082176208496,1,pritamdeka/S-BioBERT-snli-multinli-stsb,1
78469,other symbolic dysfunction,Principios Vitais,0.2660275101661682,2,pritamdeka/S-BioBERT-snli-multinli-stsb,0
78469,other symbolic dysfunction,Nutricao,0.23118796944618225,3,pritamdeka/S-BioBERT-snli-multinli-stsb,0
V103,person boarding or alighting a pedal cycle injured in collision with pedestrian or animal,Atividade/Repouso,0.29351383447647095,1,pritamdeka/S-BioBERT-snli-multinli-stsb,1
V103,person boarding or alighting a pedal cycle injured in collision with pedestrian or animal,Seguranca/Protecao,0.1729528158903122,2,pritamdeka/S-BioBERT-snli-multinli-stsb,0
V103,person boarding or alighting a pedal cycle injured in collision with pedestrian or animal,Conforto,0.14380091428756714,3,pritamdeka/S-BioBERT-snli-multinli-stsb,0
V8535,"body mass index 35.0-35.9, adult",Autopercepcao,0.2671821713447571,1,pritamdeka/S-BioBERT-snli-multinli-stsb,1
V8535,"body mass index 35.0-35.9, adult",Enfrentamento/Tolerancia ao Estresse,0.2344670295715332,2,pritamdeka/S-BioBERT-snli-multinli-stsb,0
V8535,"body mass index 35.0-35.9, adult",Atividade/Repouso,0.20817118883132935,3,pritamdeka/S-BioBERT-snli-multinli-stsb,0
M549,"dorsalgia, unspecified",Nutricao,0.10922808945178986,1,pritamdeka/S-BioBERT-snli-multinli-stsb,1
M549,"dorsalgia, unspecified",Conforto,0.1069808378815651,2,pritamdeka/S-BioBERT-snli-multinli-stsb,0
M549,"dorsalgia, unspecified",Autopercepcao,0.09305060654878616,3,pritamdeka/S-BioBERT-snli-multinli-stsb,0
Y9289,other specified places as the place of occurrence of the external cause,Seguranca/Protecao,0.31082743406295776,1,pritamdeka/S-BioBERT-snli-multinli-stsb,1
Y9289,other specified places as the place of occurrence of the external cause,Percepcao/Cognicao,0.26351016759872437,2,pritamdeka/S-BioBERT-snli-multinli-stsb,0
Y9289,other specified places as the place of occurrence of the external cause,Atividade/Repouso,0.25315284729003906,3,pritamdeka/S-BioBERT-snli-multinli-stsb,0
Z6837,"body mass index (bmi) 37.0-37.9, adult",Autopercepcao,0.31047487258911133,1,pritamdeka/S-BioBERT-snli-multinli-stsb,1
Z6837,"body mass index (bmi) 37.0-37.9, adult",Atividade/Repouso,0.2628985643386841,2,pritamdeka/S-BioBERT-snli-multinli-stsb,0
Z6837,"body mass index (bmi) 37.0-37.9, adult",Promocao da Saude,0.2068016529083252,3,pritamdeka/S-BioBERT-snli-multinli-stsb,0
Z7984,long term (current) use of oral hypoglycemic drugs,Atividade/Repouso,0.3765486478805542,1,pritamdeka/S-BioBERT-snli-multinli-stsb,1
Z7984,long term (current) use of oral hypoglycemic drugs,Nutricao,0.3585498332977295,2,pritamdeka/S-BioBERT-snli-multinli-stsb,0
Z7984,long term (current) use of oral hypoglycemic drugs,Percepcao/Cognicao,0.29363131523132324,3,pritamdeka/S-BioBERT-snli-multinli-stsb,0
F1021,"alcohol dependence, in remission",Enfrentamento/Tolerancia ao Estresse,0.2504078447818756,1,pritamdeka/S-BioBERT-snli-multinli-stsb,1
F1021,"alcohol dependence, in remission",Eliminacao e Troca,0.17994102835655212,2,pritamdeka/S-BioBERT-snli-multinli-stsb,0
F1021,"alcohol dependence, in remission",Papeis e Relacionamentos,0.15544039011001587,3,pritamdeka/S-BioBERT-snli-multinli-stsb,0
F5001,"anorexia nervosa, restricting type",Nutricao,0.3690396547317505,1,pritamdeka/S-BioBERT-snli-multinli-stsb,1
F5001,"anorexia nervosa, restricting type",Eliminacao e Troca,0.3375658392906189,2,pritamdeka/S-BioBERT-snli-multinli-stsb,0
F5001,"anorexia nervosa, restricting type",Enfrentamento/Tolerancia ao Estresse,0.2293396145105362,3,pritamdeka/S-BioBERT-snli-multinli-stsb,0
I447,"left bundle-branch block, unspecified",Atividade/Repouso,0.21664515137672424,1,pritamdeka/S-BioBERT-snli-multinli-stsb,1
I447,"left bundle-branch block, unspecified",Seguranca/Protecao,0.1902533322572708,2,pritamdeka/S-BioBERT-snli-multinli-stsb,0
I447,"left bundle-branch block, unspecified",Percepcao/Cognicao,0.15886113047599792,3,pritamdeka/S-BioBERT-snli-multinli-stsb,0
J60,coalworker's pneumoconiosis,Atividade/Repouso,0.23234978318214417,1,pritamdeka/S-BioBERT-snli-multinli-stsb,1
J60,coalworker's pneumoconiosis,Conforto,0.1772514283657074,2,pritamdeka/S-BioBERT-snli-multinli-stsb,0
J60,coalworker's pneumoconiosis,Percepcao/Cognicao,0.1530456244945526,3,pritamdeka/S-BioBERT-snli-multinli-stsb,0
V8609XS,"driver of other special all-terrain or other off-road motor vehicle injured in traffic accident, sequela",Percepcao/Cognicao,0.2668610215187073,1,pritamdeka/S-BioBERT-snli-multinli-stsb,1
V8609XS,"driver of other special all-terrain or other off-road motor vehicle injured in traffic accident, sequela",Atividade/Repouso,0.16927148401737213,2,pritamdeka/S-BioBERT-snli-multinli-stsb,0
V8609XS,"driver of other special all-terrain or other off-road motor vehicle injured in traffic accident, sequela",Seguranca/Protecao,0.16588062047958374,3,pritamdeka/S-BioBERT-snli-multinli-stsb,0
B9689,other specified bacterial agents as the cause of diseases classified elsewhere,Seguranca/Protecao,0.396183043718338,1,pritamdeka/S-BioBERT-snli-multinli-stsb,1
B9689,other specified bacterial agents as the cause of diseases classified elsewhere,Atividade/Repouso,0.2980771064758301,2,pritamdeka/S-BioBERT-snli-multinli-stsb,0
B9689,other specified bacterial agents as the cause of diseases classified elsewhere,Percepcao/Cognicao,0.2968011796474457,3,pritamdeka/S-BioBERT-snli-multinli-stsb,0
E042,nontoxic multinodular goiter,Nutricao,0.23396915197372437,1,pritamdeka/S-BioBERT-snli-multinli-stsb,1
E042,nontoxic multinodular goiter,Eliminacao e Troca,0.21893425285816193,2,pritamdeka/S-BioBERT-snli-multinli-stsb,0
E042,nontoxic multinodular goiter,Percepcao/Cognicao,0.2173016369342804,3,pritamdeka/S-BioBERT-snli-multinli-stsb,0
F1290,"cannabis use, unspecified, uncomplicated",Enfrentamento/Tolerancia ao Estresse,0.17340877652168274,1,pritamdeka/S-BioBERT-snli-multinli-stsb,1
F1290,"cannabis use, unspecified, uncomplicated",Seguranca/Protecao,0.1549217402935028,2,pritamdeka/S-BioBERT-snli-multinli-stsb,0
F1290,"cannabis use, unspecified, uncomplicated",Promocao da Saude,0.115773506462574,3,pritamdeka/S-BioBERT-snli-multinli-stsb,0
I739,"peripheral vascular disease, unspecified",Atividade/Repouso,0.24994653463363647,1,pritamdeka/S-BioBERT-snli-multinli-stsb,1
I739,"peripheral vascular disease, unspecified",Percepcao/Cognicao,0.23283523321151733,2,pritamdeka/S-BioBERT-snli-multinli-stsb,0
I739,"peripheral vascular disease, unspecified",Eliminacao e Troca,0.19859418272972107,3,pritamdeka/S-BioBERT-snli-multinli-stsb,0
K5660,unspecified intestinal obstruction,Eliminacao e Troca,0.4108430743217468,1,pritamdeka/S-BioBERT-snli-multinli-stsb,1
K5660,unspecified intestinal obstruction,Nutricao,0.3661496043205261,2,pritamdeka/S-BioBERT-snli-multinli-stsb,0
K5660,unspecified intestinal obstruction,Seguranca/Protecao,0.274808794260025,3,pritamdeka/S-BioBERT-snli-multinli-stsb,0
M7989,other specified soft tissue disorders,Percepcao/Cognicao,0.34374260902404785,1,pritamdeka/S-BioBERT-snli-multinli-stsb,1
M7989,other specified soft tissue disorders,Sexualidade,0.2979242503643036,2,pritamdeka/S-BioBERT-snli-multinli-stsb,0
M7989,other specified soft tissue disorders,Enfrentamento/Tolerancia ao Estresse,0.2839444875717163,3,pritamdeka/S-BioBERT-snli-multinli-stsb,0
Y92238,other place in hospital as the place of occurrence of the external cause,Seguranca/Protecao,0.34219616651535034,1,pritamdeka/S-BioBERT-snli-multinli-stsb,1
Y92238,other place in hospital as the place of occurrence of the external cause,Atividade/Repouso,0.2436980903148651,2,pritamdeka/S-BioBERT-snli-multinli-stsb,0
Y92238,other place in hospital as the place of occurrence of the external cause,Percepcao/Cognicao,0.2300111949443817,3,pritamdeka/S-BioBERT-snli-multinli-stsb,0
Z955,presence of coronary angioplasty implant and graft,Atividade/Repouso,0.3576280176639557,1,pritamdeka/S-BioBERT-snli-multinli-stsb,1
Z955,presence of coronary angioplasty implant and graft,Sexualidade,0.22313930094242096,2,pritamdeka/S-BioBERT-snli-multinli-stsb,0
Z955,presence of coronary angioplasty implant and graft,Enfrentamento/Tolerancia ao Estresse,0.22262531518936157,3,pritamdeka/S-BioBERT-snli-multinli-stsb,0
B9620,unspecified escherichia coli [e. coli] as the cause of diseases classified elsewhere,Eliminacao e Troca,0.30894413590431213,1,pritamdeka/S-BioBERT-snli-multinli-stsb,1
B9620,unspecified escherichia coli [e. coli] as the cause of diseases classified elsewhere,Seguranca/Protecao,0.2945703864097595,2,pritamdeka/S-BioBERT-snli-multinli-stsb,0
B9620,unspecified escherichia coli [e. coli] as the cause of diseases classified elsewhere,Nutricao,0.2206924557685852,3,pritamdeka/S-BioBERT-snli-multinli-stsb,0
B965,pseudomonas (aeruginosa) (mallei) (pseudomallei) as the cause of diseases classified elsewhere,Seguranca/Protecao,0.23015540838241577,1,pritamdeka/S-BioBERT-snli-multinli-stsb,1
B965,pseudomonas (aeruginosa) (mallei) (pseudomallei) as the cause of diseases classified elsewhere,Conforto,0.220467671751976,2,pritamdeka/S-BioBERT-snli-multinli-stsb,0
B965,pseudomonas (aeruginosa) (mallei) (pseudomallei) as the cause of diseases classified elsewhere,Percepcao/Cognicao,0.16829174757003784,3,pritamdeka/S-BioBERT-snli-multinli-stsb,0
M1990,"unspecified osteoarthritis, unspecified site",Seguranca/Protecao,0.20745740830898285,1,pritamdeka/S-BioBERT-snli-multinli-stsb,1
M1990,"unspecified osteoarthritis, unspecified site",Conforto,0.16914813220500946,2,pritamdeka/S-BioBERT-snli-multinli-stsb,0
M1990,"unspecified osteoarthritis, unspecified site",Eliminacao e Troca,0.16831471025943756,3,pritamdeka/S-BioBERT-snli-multinli-stsb,0
M5030,"other cervical disc degeneration, unspecified cervical region",Percepcao/Cognicao,0.4158448278903961,1,pritamdeka/S-BioBERT-snli-multinli-stsb,1
M5030,"other cervical disc degeneration, unspecified cervical region",Conforto,0.3122134208679199,2,pritamdeka/S-BioBERT-snli-multinli-stsb,0
M5030,"other cervical disc degeneration, unspecified cervical region",Atividade/Repouso,0.291271448135376,3,pritamdeka/S-BioBERT-snli-multinli-stsb,0
R600,localized edema,Percepcao/Cognicao,0.27861738204956055,1,pritamdeka/S-BioBERT-snli-multinli-stsb,1
R600,localized edema,Nutricao,0.2671900987625122,2,pritamdeka/S-BioBERT-snli-multinli-stsb,0
R600,localized edema,Autopercepcao,0.22053050994873047,3,pritamdeka/S-BioBERT-snli-multinli-stsb,0
Z95820,peripheral vascular angioplasty status with implants and grafts,Sexualidade,0.25380343198776245,1,pritamdeka/S-BioBERT-snli-multinli-stsb,1
Z95820,peripheral vascular angioplasty status with implants and grafts,Atividade/Repouso,0.235142320394516,2,pritamdeka/S-BioBERT-snli-multinli-stsb,0
Z95820,peripheral vascular angioplasty status with implants and grafts,Percepcao/Cognicao,0.20132510364055634,3,pritamdeka/S-BioBERT-snli-multinli-stsb,0
G935,compression of brain,Percepcao/Cognicao,0.34257322549819946,1,pritamdeka/S-BioBERT-snli-multinli-stsb,1
G935,compression of brain,Crescimento/Desenvolvimento,0.25574761629104614,2,pritamdeka/S-BioBERT-snli-multinli-stsb,0
G935,compression of brain,Conforto,0.25203579664230347,3,pritamdeka/S-BioBERT-snli-multinli-stsb,0
I9581,postprocedural hypotension,Atividade/Repouso,0.3251959979534149,1,pritamdeka/S-BioBERT-snli-multinli-stsb,1
I9581,postprocedural hypotension,Seguranca/Protecao,0.32186567783355713,2,pritamdeka/S-BioBERT-snli-multinli-stsb,0
I9581,postprocedural hypotension,Nutricao,0.2784402370452881,3,pritamdeka/S-BioBERT-snli-multinli-stsb,0
I959,"hypotension, unspecified",Seguranca/Protecao,0.3223608136177063,1,pritamdeka/S-BioBERT-snli-multinli-stsb,1
I959,"hypotension, unspecified",Nutricao,0.2781200408935547,2,pritamdeka/S-BioBERT-snli-multinli-stsb,0
I959,"hypotension, unspecified",Atividade/Repouso,0.2696291506290436,3,pritamdeka/S-BioBERT-snli-multinli-stsb,0
K209,"esophagitis, unspecified",Seguranca/Protecao,0.2831224203109741,1,pritamdeka/S-BioBERT-snli-multinli-stsb,1
K209,"esophagitis, unspecified",Eliminacao e Troca,0.27290481328964233,2,pritamdeka/S-BioBERT-snli-multinli-stsb,0
K209,"esophagitis, unspecified",Nutricao,0.26207271218299866,3,pritamdeka/S-BioBERT-snli-multinli-stsb,0
C7B8,other secondary neuroendocrine tumors,Percepcao/Cognicao,0.3738590180873871,1,pritamdeka/S-BioBERT-snli-multinli-stsb,1
C7B8,other secondary neuroendocrine tumors,Nutricao,0.36536937952041626,2,pritamdeka/S-BioBERT-snli-multinli-stsb,0
C7B8,other secondary neuroendocrine tumors,Crescimento/Desenvolvimento,0.3106398582458496,3,pritamdeka/S-BioBERT-snli-multinli-stsb,0
I701,atherosclerosis of renal artery,Eliminacao e Troca,0.44725409150123596,1,pritamdeka/S-BioBERT-snli-multinli-stsb,1
I701,atherosclerosis of renal artery,Atividade/Repouso,0.28168925642967224,2,pritamdeka/S-BioBERT-snli-multinli-stsb,0
I701,atherosclerosis of renal artery,Sexualidade,0.2316480427980423,3,pritamdeka/S-BioBERT-snli-multinli-stsb,0
L570,actinic keratosis,Eliminacao e Troca,0.11026991903781891,1,pritamdeka/S-BioBERT-snli-multinli-stsb,1
L570,actinic keratosis,Papeis e Relacionamentos,0.09038440883159637,2,pritamdeka/S-BioBERT-snli-multinli-stsb,0
L570,actinic keratosis,Percepcao/Cognicao,0.07627508044242859,3,pritamdeka/S-BioBERT-snli-multinli-stsb,0
M1712,"unilateral primary osteoarthritis, left knee",Eliminacao e Troca,0.20678424835205078,1,pritamdeka/S-BioBERT-snli-multinli-stsb,1
M1712,"unilateral primary osteoarthritis, left knee",Conforto,0.18994572758674622,2,pritamdeka/S-BioBERT-snli-multinli-stsb,0
M1712,"unilateral primary osteoarthritis, left knee",Autopercepcao,0.17431512475013733,3,pritamdeka/S-BioBERT-snli-multinli-stsb,0
M719,"bursopathy, unspecified",Seguranca/Protecao,0.19072777032852173,1,pritamdeka/S-BioBERT-snli-multinli-stsb,1
M719,"bursopathy, unspecified",Eliminacao e Troca,0.1636182963848114,2,pritamdeka/S-BioBERT-snli-multinli-stsb,0
M719,"bursopathy, unspecified",Autopercepcao,0.15324227511882782,3,pritamdeka/S-BioBERT-snli-multinli-stsb,0
R55,syncope and collapse,Atividade/Repouso,0.42675769329071045,1,pritamdeka/S-BioBERT-snli-multinli-stsb,1
R55,syncope and collapse,Conforto,0.3130585253238678,2,pritamdeka/S-BioBERT-snli-multinli-stsb,0
R55,syncope and collapse,Percepcao/Cognicao,0.31151115894317627,3,pritamdeka/S-BioBERT-snli-multinli-stsb,0
Y040XXA,"assault by unarmed brawl or fight, initial encounter",Seguranca/Protecao,0.1630043387413025,1,pritamdeka/S-BioBERT-snli-multinli-stsb,1
Y040XXA,"assault by unarmed brawl or fight, initial encounter",Autopercepcao,0.12238705158233643,2,pritamdeka/S-BioBERT-snli-multinli-stsb,0
Y040XXA,"assault by unarmed brawl or fight, initial encounter",Crescimento/Desenvolvimento,0.10714751482009888,3,pritamdeka/S-BioBERT-snli-multinli-stsb,0
Y929,unspecified place or not applicable,Seguranca/Protecao,0.15129157900810242,1,pritamdeka/S-BioBERT-snli-multinli-stsb,1
Y929,unspecified place or not applicable,Principios Vitais,0.14386987686157227,2,pritamdeka/S-BioBERT-snli-multinli-stsb,0
Y929,unspecified place or not applicable,Conforto,0.13955776393413544,3,pritamdeka/S-BioBERT-snli-multinli-stsb,0
E59,dietary selenium deficiency,Seguranca/Protecao,0.3461133539676666,1,pritamdeka/S-BioBERT-snli-multinli-stsb,1
E59,dietary selenium deficiency,Nutricao,0.33371832966804504,2,pritamdeka/S-BioBERT-snli-multinli-stsb,0
E59,dietary selenium deficiency,Percepcao/Cognicao,0.27102482318878174,3,pritamdeka/S-BioBERT-snli-multinli-stsb,0
R2240,"localized swelling, mass and lump, unspecified lower limb",Autopercepcao,0.25780606269836426,1,pritamdeka/S-BioBERT-snli-multinli-stsb,1
R2240,"localized swelling, mass and lump, unspecified lower limb",Crescimento/Desenvolvimento,0.20941734313964844,2,pritamdeka/S-BioBERT-snli-multinli-stsb,0
R2240,"localized swelling, mass and lump, unspecified lower limb",Conforto,0.20564024150371552,3,pritamdeka/S-BioBERT-snli-multinli-stsb,0
R578,other shock,Seguranca/Protecao,0.22945423424243927,1,pritamdeka/S-BioBERT-snli-multinli-stsb,1
R578,other shock,Enfrentamento/Tolerancia ao Estresse,0.22794125974178314,2,pritamdeka/S-BioBERT-snli-multinli-stsb,0
R578,other shock,Principios Vitais,0.2015003263950348,3,pritamdeka/S-BioBERT-snli-multinli-stsb,0
R748,abnormal levels of other serum enzymes,Eliminacao e Troca,0.34948548674583435,1,pritamdeka/S-BioBERT-snli-multinli-stsb,1
R748,abnormal levels of other serum enzymes,Atividade/Repouso,0.3396645784378052,2,pritamdeka/S-BioBERT-snli-multinli-stsb,0
R748,abnormal levels of other serum enzymes,Nutricao,0.3181859850883484,3,pritamdeka/S-BioBERT-snli-multinli-stsb,0
Z6826,"body mass index (bmi) 26.0-26.9, adult",Autopercepcao,0.34174591302871704,1,pritamdeka/S-BioBERT-snli-multinli-stsb,1
Z6826,"body mass index (bmi) 26.0-26.9, adult",Atividade/Repouso,0.22765938937664032,2,pritamdeka/S-BioBERT-snli-multinli-stsb,0
Z6826,"body mass index (bmi) 26.0-26.9, adult",Nutricao,0.2028600573539734,3,pritamdeka/S-BioBERT-snli-multinli-stsb,0
E781,pure hyperglyceridemia,Nutricao,0.22134755551815033,1,pritamdeka/S-BioBERT-snli-multinli-stsb,1
E781,pure hyperglyceridemia,Autopercepcao,0.15436691045761108,2,pritamdeka/S-BioBERT-snli-multinli-stsb,0
E781,pure hyperglyceridemia,Atividade/Repouso,0.14433017373085022,3,pritamdeka/S-BioBERT-snli-multinli-stsb,0
I495,sick sinus syndrome,Atividade/Repouso,0.3206043243408203,1,pritamdeka/S-BioBERT-snli-multinli-stsb,1
I495,sick sinus syndrome,Percepcao/Cognicao,0.3167673349380493,2,pritamdeka/S-BioBERT-snli-multinli-stsb,0
I495,sick sinus syndrome,Principios Vitais,0.28501394391059875,3,pritamdeka/S-BioBERT-snli-multinli-stsb,0
K219,gastro-esophageal reflux disease without esophagitis,Eliminacao e Troca,0.33061909675598145,1,pritamdeka/S-BioBERT-snli-multinli-stsb,1
K219,gastro-esophageal reflux disease without esophagitis,Atividade/Repouso,0.31655073165893555,2,pritamdeka/S-BioBERT-snli-multinli-stsb,0
K219,gastro-esophageal reflux disease without esophagitis,Nutricao,0.2703845500946045,3,pritamdeka/S-BioBERT-snli-multinli-stsb,0
Z1611,resistance to penicillins,Seguranca/Protecao,0.27166450023651123,1,pritamdeka/S-BioBERT-snli-multinli-stsb,1
Z1611,resistance to penicillins,Percepcao/Cognicao,0.2402334064245224,2,pritamdeka/S-BioBERT-snli-multinli-stsb,0
Z1611,resistance to penicillins,Enfrentamento/Tolerancia ao Estresse,0.2306801974773407,3,pritamdeka/S-BioBERT-snli-multinli-stsb,0
Z1639,resistance to other specified antimicrobial drug,Seguranca/Protecao,0.347159206867218,1,pritamdeka/S-BioBERT-snli-multinli-stsb,1
Z1639,resistance to other specified antimicrobial drug,Enfrentamento/Tolerancia ao Estresse,0.2727969288825989,2,pritamdeka/S-BioBERT-snli-multinli-stsb,0
Z1639,resistance to other specified antimicrobial drug,Atividade/Repouso,0.2598613500595093,3,pritamdeka/S-BioBERT-snli-multinli-stsb,0
Z66,do not resuscitate,Atividade/Repouso,0.22092457115650177,1,pritamdeka/S-BioBERT-snli-multinli-stsb,1
Z66,do not resuscitate,Crescimento/Desenvolvimento,0.21748897433280945,2,pritamdeka/S-BioBERT-snli-multinli-stsb,0
Z66,do not resuscitate,Conforto,0.1967432200908661,3,pritamdeka/S-BioBERT-snli-multinli-stsb,0
Z6834,"body mass index (bmi) 34.0-34.9, adult",Autopercepcao,0.2986751198768616,1,pritamdeka/S-BioBERT-snli-multinli-stsb,1
Z6834,"body mass index (bmi) 34.0-34.9, adult",Nutricao,0.2328854501247406,2,pritamdeka/S-BioBERT-snli-multinli-stsb,0
Z6834,"body mass index (bmi) 34.0-34.9, adult",Atividade/Repouso,0.17956072092056274,3,pritamdeka/S-BioBERT-snli-multinli-stsb,0
Z6835,"body mass index (bmi) 35.0-35.9, adult",Autopercepcao,0.31528475880622864,1,pritamdeka/S-BioBERT-snli-multinli-stsb,1
Z6835,"body mass index (bmi) 35.0-35.9, adult",Enfrentamento/Tolerancia ao Estresse,0.23706373572349548,2,pritamdeka/S-BioBERT-snli-multinli-stsb,0
Z6835,"body mass index (bmi) 35.0-35.9, adult",Seguranca/Protecao,0.17244510352611542,3,pritamdeka/S-BioBERT-snli-multinli-stsb,0
E039,"hypothyroidism, unspecified",Seguranca/Protecao,0.2987312078475952,1,pritamdeka/S-BioBERT-snli-multinli-stsb,1
E039,"hypothyroidism, unspecified",Nutricao,0.29187291860580444,2,pritamdeka/S-BioBERT-snli-multinli-stsb,0
E039,"hypothyroidism, unspecified",Percepcao/Cognicao,0.26649248600006104,3,pritamdeka/S-BioBERT-snli-multinli-stsb,0
E5112,wet beriberi,Nutricao,0.1346498280763626,1,pritamdeka/S-BioBERT-snli-multinli-stsb,1
E5112,wet beriberi,Crescimento/Desenvolvimento,0.09653172641992569,2,pritamdeka/S-BioBERT-snli-multinli-stsb,0
E5112,wet beriberi,Eliminacao e Troca,0.07645371556282043,3,pritamdeka/S-BioBERT-snli-multinli-stsb,0
F10229,"alcohol dependence with intoxication, unspecified",Enfrentamento/Tolerancia ao Estresse,0.2569374144077301,1,pritamdeka/S-BioBERT-snli-multinli-stsb,1
F10229,"alcohol dependence with intoxication, unspecified",Eliminacao e Troca,0.19569507241249084,2,pritamdeka/S-BioBERT-snli-multinli-stsb,0
F10229,"alcohol dependence with intoxication, unspecified",Percepcao/Cognicao,0.15914684534072876,3,pritamdeka/S-BioBERT-snli-multinli-stsb,0
K2270,barrett's esophagus without dysplasia,Crescimento/Desenvolvimento,0.1744278222322464,1,pritamdeka/S-BioBERT-snli-multinli-stsb,1
K2270,barrett's esophagus without dysplasia,Nutricao,0.13043391704559326,2,pritamdeka/S-BioBERT-snli-multinli-stsb,0
K2270,barrett's esophagus without dysplasia,Seguranca/Protecao,0.11623615026473999,3,pritamdeka/S-BioBERT-snli-multinli-stsb,0
R042,hemoptysis,Atividade/Repouso,0.3217240571975708,1,pritamdeka/S-BioBERT-snli-multinli-stsb,1
R042,hemoptysis,Conforto,0.2748318016529083,2,pritamdeka/S-BioBERT-snli-multinli-stsb,0
R042,hemoptysis,Percepcao/Cognicao,0.25471603870391846,3,pritamdeka/S-BioBERT-snli-multinli-stsb,0
T82868A,"thrombosis due to vascular prosthetic devices, implants and grafts, initial encounter",Sexualidade,0.35294854640960693,1,pritamdeka/S-BioBERT-snli-multinli-stsb,1
T82868A,"thrombosis due to vascular prosthetic devices, implants and grafts, initial encounter",Seguranca/Protecao,0.34892627596855164,2,pritamdeka/S-BioBERT-snli-multinli-stsb,0
T82868A,"thrombosis due to vascular prosthetic devices, implants and grafts, initial encounter",Percepcao/Cognicao,0.3392556607723236,3,pritamdeka/S-BioBERT-snli-multinli-stsb,0
Y92488,other paved roadways as the place of occurrence of the external cause,Atividade/Repouso,0.20983892679214478,1,pritamdeka/S-BioBERT-snli-multinli-stsb,1
Y92488,other paved roadways as the place of occurrence of the external cause,Seguranca/Protecao,0.16891200840473175,2,pritamdeka/S-BioBERT-snli-multinli-stsb,0
Y92488,other paved roadways as the place of occurrence of the external cause,Percepcao/Cognicao,0.15487778186798096,3,pritamdeka/S-BioBERT-snli-multinli-stsb,0
Z8673,"personal history of transient ischemic attack (tia), and cerebral infarction without residual deficits",Percepcao/Cognicao,0.35621511936187744,1,pritamdeka/S-BioBERT-snli-multinli-stsb,1
Z8673,"personal history of transient ischemic attack (tia), and cerebral infarction without residual deficits",Seguranca/Protecao,0.16303938627243042,2,pritamdeka/S-BioBERT-snli-multinli-stsb,0
Z8673,"personal history of transient ischemic attack (tia), and cerebral infarction without residual deficits",Enfrentamento/Tolerancia ao Estresse,0.12446410953998566,3,pritamdeka/S-BioBERT-snli-multinli-stsb,0
Z8719,personal history of other diseases of the digestive system,Eliminacao e Troca,0.5276626944541931,1,pritamdeka/S-BioBERT-snli-multinli-stsb,1
Z8719,personal history of other diseases of the digestive system,Nutricao,0.41652506589889526,2,pritamdeka/S-BioBERT-snli-multinli-stsb,0
Z8719,personal history of other diseases of the digestive system,Percepcao/Cognicao,0.38994300365448,3,pritamdeka/S-BioBERT-snli-multinli-stsb,0
F17210,"nicotine dependence, cigarettes, uncomplicated",Enfrentamento/Tolerancia ao Estresse,0.1491759717464447,1,pritamdeka/S-BioBERT-snli-multinli-stsb,1
F17210,"nicotine dependence, cigarettes, uncomplicated",Promocao da Saude,0.12861135601997375,2,pritamdeka/S-BioBERT-snli-multinli-stsb,0
F17210,"nicotine dependence, cigarettes, uncomplicated",Seguranca/Protecao,0.11446645110845566,3,pritamdeka/S-BioBERT-snli-multinli-stsb,0
I4581,long qt syndrome,Atividade/Repouso,0.2726198136806488,1,pritamdeka/S-BioBERT-snli-multinli-stsb,1
I4581,long qt syndrome,Conforto,0.25038623809814453,2,pritamdeka/S-BioBERT-snli-multinli-stsb,0
I4581,long qt syndrome,Nutricao,0.22134101390838623,3,pritamdeka/S-BioBERT-snli-multinli-stsb,0
I70262,"atherosclerosis of native arteries of extremities with gangrene, left leg",Atividade/Repouso,0.22444617748260498,1,pritamdeka/S-BioBERT-snli-multinli-stsb,1
I70262,"atherosclerosis of native arteries of extremities with gangrene, left leg",Percepcao/Cognicao,0.210823655128479,2,pritamdeka/S-BioBERT-snli-multinli-stsb,0
I70262,"atherosclerosis of native arteries of extremities with gangrene, left leg",Eliminacao e Troca,0.1933319866657257,3,pritamdeka/S-BioBERT-snli-multinli-stsb,0
N281,"cyst of kidney, acquired",Eliminacao e Troca,0.34982457756996155,1,pritamdeka/S-BioBERT-snli-multinli-stsb,1
N281,"cyst of kidney, acquired",Crescimento/Desenvolvimento,0.21724089980125427,2,pritamdeka/S-BioBERT-snli-multinli-stsb,0
N281,"cyst of kidney, acquired",Percepcao/Cognicao,0.20303252339363098,3,pritamdeka/S-BioBERT-snli-multinli-stsb,0
R21,rash and other nonspecific skin eruption,Seguranca/Protecao,0.2825245261192322,1,pritamdeka/S-BioBERT-snli-multinli-stsb,1
R21,rash and other nonspecific skin eruption,Percepcao/Cognicao,0.26682597398757935,2,pritamdeka/S-BioBERT-snli-multinli-stsb,0
R21,rash and other nonspecific skin eruption,Eliminacao e Troca,0.24518217146396637,3,pritamdeka/S-BioBERT-snli-multinli-stsb,0
Z6824,"body mass index (bmi) 24.0-24.9, adult",Autopercepcao,0.27852973341941833,1,pritamdeka/S-BioBERT-snli-multinli-stsb,1
Z6824,"body mass index (bmi) 24.0-24.9, adult",Atividade/Repouso,0.21258527040481567,2,pritamdeka/S-BioBERT-snli-multinli-stsb,0
Z6824,"body mass index (bmi) 24.0-24.9, adult",Nutricao,0.20559795200824738,3,pritamdeka/S-BioBERT-snli-multinli-stsb,0
Z87891,personal history of nicotine dependence,Enfrentamento/Tolerancia ao Estresse,0.26018065214157104,1,pritamdeka/S-BioBERT-snli-multinli-stsb,1
Z87891,personal history of nicotine dependence,Percepcao/Cognicao,0.20846879482269287,2,pritamdeka/S-BioBERT-snli-multinli-stsb,0
Z87891,personal history of nicotine dependence,Atividade/Repouso,0.18244588375091553,3,pritamdeka/S-BioBERT-snli-multinli-stsb,0
Z953,presence of xenogenic heart valve,Atividade/Repouso,0.2839323580265045,1,pritamdeka/S-BioBERT-snli-multinli-stsb,1
Z953,presence of xenogenic heart valve,Sexualidade,0.2806972563266754,2,pritamdeka/S-BioBERT-snli-multinli-stsb,0
Z953,presence of xenogenic heart valve,Eliminacao e Troca,0.20917798578739166,3,pritamdeka/S-BioBERT-snli-multinli-stsb,0
D6959,other secondary thrombocytopenia,Percepcao/Cognicao,0.31717386841773987,1,pritamdeka/S-BioBERT-snli-multinli-stsb,1
D6959,other secondary thrombocytopenia,Crescimento/Desenvolvimento,0.3102785348892212,2,pritamdeka/S-BioBERT-snli-multinli-stsb,0
D6959,other secondary thrombocytopenia,Conforto,0.29951056838035583,3,pritamdeka/S-BioBERT-snli-multinli-stsb,0
F449,"dissociative and conversion disorder, unspecified",Enfrentamento/Tolerancia ao Estresse,0.4274561107158661,1,pritamdeka/S-BioBERT-snli-multinli-stsb,1
F449,"dissociative and conversion disorder, unspecified",Percepcao/Cognicao,0.3062123656272888,2,pritamdeka/S-BioBERT-snli-multinli-stsb,0
F449,"dissociative and conversion disorder, unspecified",Autopercepcao,0.26888537406921387,3,pritamdeka/S-BioBERT-snli-multinli-stsb,0
H04123,dry eye syndrome of bilateral lacrimal glands,Eliminacao e Troca,0.3007144033908844,1,pritamdeka/S-BioBERT-snli-multinli-stsb,1
H04123,dry eye syndrome of bilateral lacrimal glands,Nutricao,0.2789342999458313,2,pritamdeka/S-BioBERT-snli-multinli-stsb,0
H04123,dry eye syndrome of bilateral lacrimal glands,Enfrentamento/Tolerancia ao Estresse,0.24569997191429138,3,pritamdeka/S-BioBERT-snli-multinli-stsb,0
I340,nonrheumatic mitral (valve) insufficiency,Atividade/Repouso,0.3055289387702942,1,pritamdeka/S-BioBERT-snli-multinli-stsb,1
I340,nonrheumatic mitral (valve) insufficiency,Eliminacao e Troca,0.2759644389152527,2,pritamdeka/S-BioBERT-snli-multinli-stsb,0
I340,nonrheumatic mitral (valve) insufficiency,Seguranca/Protecao,0.2356807291507721,3,pritamdeka/S-BioBERT-snli-multinli-stsb,0
I6522,occlusion and stenosis of left carotid artery,Percepcao/Cognicao,0.2977137565612793,1,pritamdeka/S-BioBERT-snli-multinli-stsb,1
I6522,occlusion and stenosis of left carotid artery,Atividade/Repouso,0.2713847756385803,2,pritamdeka/S-BioBERT-snli-multinli-stsb,0
I6522,occlusion and stenosis of left carotid artery,Conforto,0.1806468814611435,3,pritamdeka/S-BioBERT-snli-multinli-stsb,0
R410,"disorientation, unspecified",Percepcao/Cognicao,0.31995537877082825,1,pritamdeka/S-BioBERT-snli-multinli-stsb,1
R410,"disorientation, unspecified",Autopercepcao,0.28689634799957275,2,pritamdeka/S-BioBERT-snli-multinli-stsb,0
R410,"disorientation, unspecified",Principios Vitais,0.26248475909233093,3,pritamdeka/S-BioBERT-snli-multinli-stsb,0
Y92234,operating room of hospital as the place of occurrence of the external cause,Seguranca/Protecao,0.32735639810562134,1,pritamdeka/S-BioBERT-snli-multinli-stsb,1
Y92234,operating room of hospital as the place of occurrence of the external cause,Atividade/Repouso,0.2459009289741516,2,pritamdeka/S-BioBERT-snli-multinli-stsb,0
Y92234,operating room of hospital as the place of occurrence of the external cause,Percepcao/Cognicao,0.18345750868320465,3,pritamdeka/S-BioBERT-snli-multinli-stsb,0
B954,other streptococcus as the cause of diseases classified elsewhere,Seguranca/Protecao,0.3057231307029724,1,pritamdeka/S-BioBERT-snli-multinli-stsb,1
B954,other streptococcus as the cause of diseases classified elsewhere,Percepcao/Cognicao,0.2585882842540741,2,pritamdeka/S-BioBERT-snli-multinli-stsb,0
B954,other streptococcus as the cause of diseases classified elsewhere,Atividade/Repouso,0.22243843972682953,3,pritamdeka/S-BioBERT-snli-multinli-stsb,0
D684,acquired coagulation factor deficiency,Crescimento/Desenvolvimento,0.30380475521087646,1,pritamdeka/S-BioBERT-snli-multinli-stsb,1
D684,acquired coagulation factor deficiency,Eliminacao e Troca,0.268311083316803,2,pritamdeka/S-BioBERT-snli-multinli-stsb,0
D684,acquired coagulation factor deficiency,Percepcao/Cognicao,0.26426249742507935,3,pritamdeka/S-BioBERT-snli-multinli-stsb,0
E780,pure hypercholesterolemia,Promocao da Saude,0.1588364988565445,1,pritamdeka/S-BioBERT-snli-multinli-stsb,1
E780,pure hypercholesterolemia,Atividade/Repouso,0.1492106318473816,2,pritamdeka/S-BioBERT-snli-multinli-stsb,0
E780,pure hypercholesterolemia,Eliminacao e Troca,0.14216484129428864,3,pritamdeka/S-BioBERT-snli-multinli-stsb,0
F1099,"alcohol use, unspecified with unspecified alcohol-induced disorder",Enfrentamento/Tolerancia ao Estresse,0.2801710367202759,1,pritamdeka/S-BioBERT-snli-multinli-stsb,1
F1099,"alcohol use, unspecified with unspecified alcohol-induced disorder",Seguranca/Protecao,0.18876458704471588,2,pritamdeka/S-BioBERT-snli-multinli-stsb,0
F1099,"alcohol use, unspecified with unspecified alcohol-induced disorder",Eliminacao e Troca,0.18086841702461243,3,pritamdeka/S-BioBERT-snli-multinli-stsb,0
I82612,acute embolism and thrombosis of superficial veins of left upper extremity,Seguranca/Protecao,0.2646544575691223,1,pritamdeka/S-BioBERT-snli-multinli-stsb,1
I82612,acute embolism and thrombosis of superficial veins of left upper extremity,Percepcao/Cognicao,0.2252175509929657,2,pritamdeka/S-BioBERT-snli-multinli-stsb,0
I82612,acute embolism and thrombosis of superficial veins of left upper extremity,Atividade/Repouso,0.16935330629348755,3,pritamdeka/S-BioBERT-snli-multinli-stsb,0
J690,pneumonitis due to inhalation of food and vomit,Nutricao,0.29341474175453186,1,pritamdeka/S-BioBERT-snli-multinli-stsb,1
J690,pneumonitis due to inhalation of food and vomit,Conforto,0.29126447439193726,2,pritamdeka/S-BioBERT-snli-multinli-stsb,0
J690,pneumonitis due to inhalation of food and vomit,Atividade/Repouso,0.25636181235313416,3,pritamdeka/S-BioBERT-snli-multinli-stsb,0
K661,hemoperitoneum,Eliminacao e Troca,0.20512574911117554,1,pritamdeka/S-BioBERT-snli-multinli-stsb,1
K661,hemoperitoneum,Seguranca/Protecao,0.20237873494625092,2,pritamdeka/S-BioBERT-snli-multinli-stsb,0
K661,hemoperitoneum,Nutricao,0.1871061623096466,3,pritamdeka/S-BioBERT-snli-multinli-stsb,0
Z86718,personal history of other venous thrombosis and embolism,Percepcao/Cognicao,0.31643199920654297,1,pritamdeka/S-BioBERT-snli-multinli-stsb,1
Z86718,personal history of other venous thrombosis and embolism,Seguranca/Protecao,0.2938705384731293,2,pritamdeka/S-BioBERT-snli-multinli-stsb,0
Z86718,personal history of other venous thrombosis and embolism,Atividade/Repouso,0.2905982732772827,3,pritamdeka/S-BioBERT-snli-multinli-stsb,0
E806,other disorders of bilirubin metabolism,Eliminacao e Troca,0.42973965406417847,1,pritamdeka/S-BioBERT-snli-multinli-stsb,1
E806,other disorders of bilirubin metabolism,Nutricao,0.3292481601238251,2,pritamdeka/S-BioBERT-snli-multinli-stsb,0
E806,other disorders of bilirubin metabolism,Seguranca/Protecao,0.29699230194091797,3,pritamdeka/S-BioBERT-snli-multinli-stsb,0
G1221,amyotrophic lateral sclerosis,Percepcao/Cognicao,0.46200770139694214,1,pritamdeka/S-BioBERT-snli-multinli-stsb,1
G1221,amyotrophic lateral sclerosis,Atividade/Repouso,0.25719714164733887,2,pritamdeka/S-BioBERT-snli-multinli-stsb,0
G1221,amyotrophic lateral sclerosis,Enfrentamento/Tolerancia ao Estresse,0.2455514520406723,3,pritamdeka/S-BioBERT-snli-multinli-stsb,0
H34239,"retinal artery branch occlusion, unspecified eye",Percepcao/Cognicao,0.22813424468040466,1,pritamdeka/S-BioBERT-snli-multinli-stsb,1
H34239,"retinal artery branch occlusion, unspecified eye",Atividade/Repouso,0.1963331401348114,2,pritamdeka/S-BioBERT-snli-multinli-stsb,0
H34239,"retinal artery branch occlusion, unspecified eye",Eliminacao e Troca,0.1629498302936554,3,pritamdeka/S-BioBERT-snli-multinli-stsb,0
L271,localized skin eruption due to drugs and medicaments taken internally,Enfrentamento/Tolerancia ao Estresse,0.21270343661308289,1,pritamdeka/S-BioBERT-snli-multinli-stsb,1
L271,localized skin eruption due to drugs and medicaments taken internally,Seguranca/Protecao,0.21219781041145325,2,pritamdeka/S-BioBERT-snli-multinli-stsb,0
L271,localized skin eruption due to drugs and medicaments taken internally,Percepcao/Cognicao,0.20191791653633118,3,pritamdeka/S-BioBERT-snli-multinli-stsb,0
M179,"osteoarthritis of knee, unspecified",Eliminacao e Troca,0.20208482444286346,1,pritamdeka/S-BioBERT-snli-multinli-stsb,1
M179,"osteoarthritis of knee, unspecified",Atividade/Repouso,0.1796623170375824,2,pritamdeka/S-BioBERT-snli-multinli-stsb,0
M179,"osteoarthritis of knee, unspecified",Seguranca/Protecao,0.16845577955245972,3,pritamdeka/S-BioBERT-snli-multinli-stsb,0
Y842,"radiological procedure and radiotherapy as the cause of abnormal reaction of the patient, or of later complication, without mention of misadventure at the time of the procedure",Seguranca/Protecao,0.2682846486568451,1,pritamdeka/S-BioBERT-snli-multinli-stsb,1
Y842,"radiological procedure and radiotherapy as the cause of abnormal reaction of the patient, or of later complication, without mention of misadventure at the time of the procedure",Percepcao/Cognicao,0.22241626679897308,2,pritamdeka/S-BioBERT-snli-multinli-stsb,0
Y842,"radiological procedure and radiotherapy as the cause of abnormal reaction of the patient, or of later complication, without mention of misadventure at the time of the procedure",Enfrentamento/Tolerancia ao Estresse,0.21699777245521545,3,pritamdeka/S-BioBERT-snli-multinli-stsb,0
Z9484,stem cells transplant status,Percepcao/Cognicao,0.246614009141922,1,pritamdeka/S-BioBERT-snli-multinli-stsb,1
Z9484,stem cells transplant status,Autopercepcao,0.2340202033519745,2,pritamdeka/S-BioBERT-snli-multinli-stsb,0
Z9484,stem cells transplant status,Principios Vitais,0.20819668471813202,3,pritamdeka/S-BioBERT-snli-multinli-stsb,0
F39,unspecified mood [affective] disorder,Enfrentamento/Tolerancia ao Estresse,0.3886888027191162,1,pritamdeka/S-BioBERT-snli-multinli-stsb,1
F39,unspecified mood [affective] disorder,Autopercepcao,0.29151269793510437,2,pritamdeka/S-BioBERT-snli-multinli-stsb,0
F39,unspecified mood [affective] disorder,Percepcao/Cognicao,0.25815731287002563,3,pritamdeka/S-BioBERT-snli-multinli-stsb,0
H540,"blindness, both eyes",Percepcao/Cognicao,0.2412986159324646,1,pritamdeka/S-BioBERT-snli-multinli-stsb,1
H540,"blindness, both eyes",Nutricao,0.17799852788448334,2,pritamdeka/S-BioBERT-snli-multinli-stsb,0
H540,"blindness, both eyes",Crescimento/Desenvolvimento,0.16386836767196655,3,pritamdeka/S-BioBERT-snli-multinli-stsb,0
M19019,"primary osteoarthritis, unspecified shoulder",Eliminacao e Troca,0.1991645246744156,1,pritamdeka/S-BioBERT-snli-multinli-stsb,1
M19019,"primary osteoarthritis, unspecified shoulder",Conforto,0.18872001767158508,2,pritamdeka/S-BioBERT-snli-multinli-stsb,0
M19019,"primary osteoarthritis, unspecified shoulder",Atividade/Repouso,0.16352826356887817,3,pritamdeka/S-BioBERT-snli-multinli-stsb,0
R3911,hesitancy of micturition,Eliminacao e Troca,0.35412126779556274,1,pritamdeka/S-BioBERT-snli-multinli-stsb,1
R3911,hesitancy of micturition,Nutricao,0.25537919998168945,2,pritamdeka/S-BioBERT-snli-multinli-stsb,0
R3911,hesitancy of micturition,Sexualidade,0.23582856357097626,3,pritamdeka/S-BioBERT-snli-multinli-stsb,0
R490,dysphonia,Eliminacao e Troca,0.308203786611557,1,pritamdeka/S-BioBERT-snli-multinli-stsb,1
R490,dysphonia,Atividade/Repouso,0.30796241760253906,2,pritamdeka/S-BioBERT-snli-multinli-stsb,0
R490,dysphonia,Conforto,0.30067670345306396,3,pritamdeka/S-BioBERT-snli-multinli-stsb,0
T473X6A,"underdosing of saline and osmotic laxatives, initial encounter",Nutricao,0.28488320112228394,1,pritamdeka/S-BioBERT-snli-multinli-stsb,1
T473X6A,"underdosing of saline and osmotic laxatives, initial encounter",Enfrentamento/Tolerancia ao Estresse,0.1913595348596573,2,pritamdeka/S-BioBERT-snli-multinli-stsb,0
T473X6A,"underdosing of saline and osmotic laxatives, initial encounter",Percepcao/Cognicao,0.1901906281709671,3,pritamdeka/S-BioBERT-snli-multinli-stsb,0
Y92121,bathroom in nursing home as the place of occurrence of the external cause,Nutricao,0.27176642417907715,1,pritamdeka/S-BioBERT-snli-multinli-stsb,1
Y92121,bathroom in nursing home as the place of occurrence of the external cause,Eliminacao e Troca,0.2689581513404846,2,pritamdeka/S-BioBERT-snli-multinli-stsb,0
Y92121,bathroom in nursing home as the place of occurrence of the external cause,Percepcao/Cognicao,0.2414833903312683,3,pritamdeka/S-BioBERT-snli-multinli-stsb,0
Z681,"body mass index (bmi) 19.9 or less, adult",Autopercepcao,0.3084169626235962,1,pritamdeka/S-BioBERT-snli-multinli-stsb,1
Z681,"body mass index (bmi) 19.9 or less, adult",Crescimento/Desenvolvimento,0.233436718583107,2,pritamdeka/S-BioBERT-snli-multinli-stsb,0
Z681,"body mass index (bmi) 19.9 or less, adult",Promocao da Saude,0.15588681399822235,3,pritamdeka/S-BioBERT-snli-multinli-stsb,0
Z951,presence of aortocoronary bypass graft,Atividade/Repouso,0.3551309108734131,1,pritamdeka/S-BioBERT-snli-multinli-stsb,1
Z951,presence of aortocoronary bypass graft,Sexualidade,0.2528724670410156,2,pritamdeka/S-BioBERT-snli-multinli-stsb,0
Z951,presence of aortocoronary bypass graft,Eliminacao e Troca,0.2401026040315628,3,pritamdeka/S-BioBERT-snli-multinli-stsb,0
Z9981,dependence on supplemental oxygen,Atividade/Repouso,0.35921186208724976,1,pritamdeka/S-BioBERT-snli-multinli-stsb,1
Z9981,dependence on supplemental oxygen,Crescimento/Desenvolvimento,0.2738077938556671,2,pritamdeka/S-BioBERT-snli-multinli-stsb,0
Z9981,dependence on supplemental oxygen,Nutricao,0.2662270665168762,3,pritamdeka/S-BioBERT-snli-multinli-stsb,0
D46Z,other myelodysplastic syndromes,Enfrentamento/Tolerancia ao Estresse,0.3760867118835449,1,pritamdeka/S-BioBERT-snli-multinli-stsb,1
D46Z,other myelodysplastic syndromes,Percepcao/Cognicao,0.37360262870788574,2,pritamdeka/S-BioBERT-snli-multinli-stsb,0
D46Z,other myelodysplastic syndromes,Conforto,0.34082484245300293,3,pritamdeka/S-BioBERT-snli-multinli-stsb,0
F09,unspecified mental disorder due to known physiological condition,Percepcao/Cognicao,0.3420056700706482,1,pritamdeka/S-BioBERT-snli-multinli-stsb,1
F09,unspecified mental disorder due to known physiological condition,Enfrentamento/Tolerancia ao Estresse,0.3009602129459381,2,pritamdeka/S-BioBERT-snli-multinli-stsb,0
F09,unspecified mental disorder due to known physiological condition,Autopercepcao,0.2934311032295227,3,pritamdeka/S-BioBERT-snli-multinli-stsb,0
I69398,other sequelae of cerebral infarction,Percepcao/Cognicao,0.5515588521957397,1,pritamdeka/S-BioBERT-snli-multinli-stsb,1
I69398,other sequelae of cerebral infarction,Atividade/Repouso,0.3307146430015564,2,pritamdeka/S-BioBERT-snli-multinli-stsb,0
I69398,other sequelae of cerebral infarction,Eliminacao e Troca,0.265163779258728,3,pritamdeka/S-BioBERT-snli-multinli-stsb,0
K649,unspecified hemorrhoids,Seguranca/Protecao,0.24715745449066162,1,pritamdeka/S-BioBERT-snli-multinli-stsb,1
K649,unspecified hemorrhoids,Eliminacao e Troca,0.23044005036354065,2,pritamdeka/S-BioBERT-snli-multinli-stsb,0
K649,unspecified hemorrhoids,Percepcao/Cognicao,0.20025306940078735,3,pritamdeka/S-BioBERT-snli-multinli-stsb,0
R300,dysuria,Eliminacao e Troca,0.5765494108200073,1,pritamdeka/S-BioBERT-snli-multinli-stsb,1
R300,dysuria,Nutricao,0.35043030977249146,2,pritamdeka/S-BioBERT-snli-multinli-stsb,0
R300,dysuria,Sexualidade,0.27972137928009033,3,pritamdeka/S-BioBERT-snli-multinli-stsb,0
R310,gross hematuria,Eliminacao e Troca,0.3710693418979645,1,pritamdeka/S-BioBERT-snli-multinli-stsb,1
R310,gross hematuria,Nutricao,0.29353177547454834,2,pritamdeka/S-BioBERT-snli-multinli-stsb,0
R310,gross hematuria,Percepcao/Cognicao,0.1823541522026062,3,pritamdeka/S-BioBERT-snli-multinli-stsb,0
Z89421,acquired absence of other right toe(s),Crescimento/Desenvolvimento,0.12830215692520142,1,pritamdeka/S-BioBERT-snli-multinli-stsb,1
Z89421,acquired absence of other right toe(s),Autopercepcao,0.06636326014995575,2,pritamdeka/S-BioBERT-snli-multinli-stsb,0
Z89421,acquired absence of other right toe(s),Percepcao/Cognicao,0.06600446999073029,3,pritamdeka/S-BioBERT-snli-multinli-stsb,0
E883,tumor lysis syndrome,Percepcao/Cognicao,0.3010617792606354,1,pritamdeka/S-BioBERT-snli-multinli-stsb,1
E883,tumor lysis syndrome,Conforto,0.2601367235183716,2,pritamdeka/S-BioBERT-snli-multinli-stsb,0
E883,tumor lysis syndrome,Seguranca/Protecao,0.24747022986412048,3,pritamdeka/S-BioBERT-snli-multinli-stsb,0
H53462,"homonymous bilateral field defects, left side",Percepcao/Cognicao,0.2934414744377136,1,pritamdeka/S-BioBERT-snli-multinli-stsb,1
H53462,"homonymous bilateral field defects, left side",Autopercepcao,0.1408507525920868,2,pritamdeka/S-BioBERT-snli-multinli-stsb,0
H53462,"homonymous bilateral field defects, left side",Nutricao,0.12860451638698578,3,pritamdeka/S-BioBERT-snli-multinli-stsb,0
I6340,cerebral infarction due to embolism of unspecified cerebral artery,Percepcao/Cognicao,0.3735693693161011,1,pritamdeka/S-BioBERT-snli-multinli-stsb,1
I6340,cerebral infarction due to embolism of unspecified cerebral artery,Atividade/Repouso,0.20464543998241425,2,pritamdeka/S-BioBERT-snli-multinli-stsb,0
I6340,cerebral infarction due to embolism of unspecified cerebral artery,Seguranca/Protecao,0.2018110454082489,3,pritamdeka/S-BioBERT-snli-multinli-stsb,0
I69322,dysarthria following cerebral infarction,Percepcao/Cognicao,0.5105366706848145,1,pritamdeka/S-BioBERT-snli-multinli-stsb,1
I69322,dysarthria following cerebral infarction,Conforto,0.2994241714477539,2,pritamdeka/S-BioBERT-snli-multinli-stsb,0
I69322,dysarthria following cerebral infarction,Eliminacao e Troca,0.29838797450065613,3,pritamdeka/S-BioBERT-snli-multinli-stsb,0
K449,diaphragmatic hernia without obstruction or gangrene,Seguranca/Protecao,0.26366233825683594,1,pritamdeka/S-BioBERT-snli-multinli-stsb,1
K449,diaphragmatic hernia without obstruction or gangrene,Atividade/Repouso,0.2501224875450134,2,pritamdeka/S-BioBERT-snli-multinli-stsb,0
K449,diaphragmatic hernia without obstruction or gangrene,Eliminacao e Troca,0.18908867239952087,3,pritamdeka/S-BioBERT-snli-multinli-stsb,0
Y828,other medical devices associated with adverse incidents,Seguranca/Protecao,0.36717796325683594,1,pritamdeka/S-BioBERT-snli-multinli-stsb,1
Y828,other medical devices associated with adverse incidents,Atividade/Repouso,0.3490930199623108,2,pritamdeka/S-BioBERT-snli-multinli-stsb,0
Y828,other medical devices associated with adverse incidents,Percepcao/Cognicao,0.32934749126434326,3,pritamdeka/S-BioBERT-snli-multinli-stsb,0
Y92018,other place in single-family (private) house as the place of occurrence of the external cause,Papeis e Relacionamentos,0.2569240927696228,1,pritamdeka/S-BioBERT-snli-multinli-stsb,1
Y92018,other place in single-family (private) house as the place of occurrence of the external cause,Seguranca/Protecao,0.2009464055299759,2,pritamdeka/S-BioBERT-snli-multinli-stsb,0
Y92018,other place in single-family (private) house as the place of occurrence of the external cause,Atividade/Repouso,0.1754215806722641,3,pritamdeka/S-BioBERT-snli-multinli-stsb,0
Z20828,contact with and (suspected) exposure to other viral communicable diseases,Sexualidade,0.39981746673583984,1,pritamdeka/S-BioBERT-snli-multinli-stsb,1
Z20828,contact with and (suspected) exposure to other viral communicable diseases,Seguranca/Protecao,0.3924497663974762,2,pritamdeka/S-BioBERT-snli-multinli-stsb,0
Z20828,contact with and (suspected) exposure to other viral communicable diseases,Percepcao/Cognicao,0.34825652837753296,3,pritamdeka/S-BioBERT-snli-multinli-stsb,0
E785,"hyperlipidemia, unspecified",Nutricao,0.26983827352523804,1,pritamdeka/S-BioBERT-snli-multinli-stsb,1
E785,"hyperlipidemia, unspecified",Seguranca/Protecao,0.22041471302509308,2,pritamdeka/S-BioBERT-snli-multinli-stsb,0
E785,"hyperlipidemia, unspecified",Eliminacao e Troca,0.21937605738639832,3,pritamdeka/S-BioBERT-snli-multinli-stsb,0
I69392,facial weakness following cerebral infarction,Percepcao/Cognicao,0.4768069386482239,1,pritamdeka/S-BioBERT-snli-multinli-stsb,1
I69392,facial weakness following cerebral infarction,Atividade/Repouso,0.23965580761432648,2,pritamdeka/S-BioBERT-snli-multinli-stsb,0
I69392,facial weakness following cerebral infarction,Nutricao,0.19490332901477814,3,pritamdeka/S-BioBERT-snli-multinli-stsb,0
K625,hemorrhage of anus and rectum,Eliminacao e Troca,0.3568747937679291,1,pritamdeka/S-BioBERT-snli-multinli-stsb,1
K625,hemorrhage of anus and rectum,Sexualidade,0.26573383808135986,2,pritamdeka/S-BioBERT-snli-multinli-stsb,0
K625,hemorrhage of anus and rectum,Nutricao,0.2588052749633789,3,pritamdeka/S-BioBERT-snli-multinli-stsb,0
M19072,"primary osteoarthritis, left ankle and foot",Eliminacao e Troca,0.26205503940582275,1,pritamdeka/S-BioBERT-snli-multinli-stsb,1
M19072,"primary osteoarthritis, left ankle and foot",Atividade/Repouso,0.25864121317863464,2,pritamdeka/S-BioBERT-snli-multinli-stsb,0
M19072,"primary osteoarthritis, left ankle and foot",Conforto,0.2104683667421341,3,pritamdeka/S-BioBERT-snli-multinli-stsb,0
E60,dietary zinc deficiency,Nutricao,0.4011465609073639,1,pritamdeka/S-BioBERT-snli-multinli-stsb,1
E60,dietary zinc deficiency,Crescimento/Desenvolvimento,0.286498486995697,2,pritamdeka/S-BioBERT-snli-multinli-stsb,0
E60,dietary zinc deficiency,Seguranca/Protecao,0.28219980001449585,3,pritamdeka/S-BioBERT-snli-multinli-stsb,0
I428,other cardiomyopathies,Atividade/Repouso,0.5117890238761902,1,pritamdeka/S-BioBERT-snli-multinli-stsb,1
I428,other cardiomyopathies,Eliminacao e Troca,0.3603326976299286,2,pritamdeka/S-BioBERT-snli-multinli-stsb,0
I428,other cardiomyopathies,Conforto,0.34085801243782043,3,pritamdeka/S-BioBERT-snli-multinli-stsb,0
I951,orthostatic hypotension,Atividade/Repouso,0.3904762864112854,1,pritamdeka/S-BioBERT-snli-multinli-stsb,1
I951,orthostatic hypotension,Seguranca/Protecao,0.3146214187145233,2,pritamdeka/S-BioBERT-snli-multinli-stsb,0
I951,orthostatic hypotension,Nutricao,0.29336822032928467,3,pritamdeka/S-BioBERT-snli-multinli-stsb,0
I97618,postprocedural hemorrhage of a circulatory system organ or structure following other circulatory system procedure,Seguranca/Protecao,0.42205968499183655,1,pritamdeka/S-BioBERT-snli-multinli-stsb,1
I97618,postprocedural hemorrhage of a circulatory system organ or structure following other circulatory system procedure,Atividade/Repouso,0.3957567811012268,2,pritamdeka/S-BioBERT-snli-multinli-stsb,0
I97618,postprocedural hemorrhage of a circulatory system organ or structure following other circulatory system procedure,Percepcao/Cognicao,0.38020217418670654,3,pritamdeka/S-BioBERT-snli-multinli-stsb,0
L723,sebaceous cyst,Percepcao/Cognicao,0.2775155007839203,1,pritamdeka/S-BioBERT-snli-multinli-stsb,1
L723,sebaceous cyst,Autopercepcao,0.27371954917907715,2,pritamdeka/S-BioBERT-snli-multinli-stsb,0
L723,sebaceous cyst,Seguranca/Protecao,0.22731778025627136,3,pritamdeka/S-BioBERT-snli-multinli-stsb,0
R740,nonspecific elevation of levels of transaminase and lactic acid dehydrogenase [ldh],Nutricao,0.27271389961242676,1,pritamdeka/S-BioBERT-snli-multinli-stsb,1
R740,nonspecific elevation of levels of transaminase and lactic acid dehydrogenase [ldh],Enfrentamento/Tolerancia ao Estresse,0.2597218155860901,2,pritamdeka/S-BioBERT-snli-multinli-stsb,0
R740,nonspecific elevation of levels of transaminase and lactic acid dehydrogenase [ldh],Seguranca/Protecao,0.2578444480895996,3,pritamdeka/S-BioBERT-snli-multinli-stsb,0
Y838,"other surgical procedures as the cause of abnormal reaction of the patient, or of later complication, without mention of misadventure at the time of the procedure",Seguranca/Protecao,0.2947821021080017,1,pritamdeka/S-BioBERT-snli-multinli-stsb,1
Y838,"other surgical procedures as the cause of abnormal reaction of the patient, or of later complication, without mention of misadventure at the time of the procedure",Percepcao/Cognicao,0.23809808492660522,2,pritamdeka/S-BioBERT-snli-multinli-stsb,0
Y838,"other surgical procedures as the cause of abnormal reaction of the patient, or of later complication, without mention of misadventure at the time of the procedure",Enfrentamento/Tolerancia ao Estresse,0.22631481289863586,3,pritamdeka/S-BioBERT-snli-multinli-stsb,0
Y92129,unspecified place in nursing home as the place of occurrence of the external cause,Percepcao/Cognicao,0.26809248328208923,1,pritamdeka/S-BioBERT-snli-multinli-stsb,1
Y92129,unspecified place in nursing home as the place of occurrence of the external cause,Seguranca/Protecao,0.26101815700531006,2,pritamdeka/S-BioBERT-snli-multinli-stsb,0
Y92129,unspecified place in nursing home as the place of occurrence of the external cause,Eliminacao e Troca,0.20190301537513733,3,pritamdeka/S-BioBERT-snli-multinli-stsb,0
Z6841,"body mass index (bmi) 40.0-44.9, adult",Conforto,0.23472173511981964,1,pritamdeka/S-BioBERT-snli-multinli-stsb,1
Z6841,"body mass index (bmi) 40.0-44.9, adult",Enfrentamento/Tolerancia ao Estresse,0.1797352135181427,2,pritamdeka/S-BioBERT-snli-multinli-stsb,0
Z6841,"body mass index (bmi) 40.0-44.9, adult",Autopercepcao,0.17933650314807892,3,pritamdeka/S-BioBERT-snli-multinli-stsb,0
Z7982,long term (current) use of aspirin,Atividade/Repouso,0.32144612073898315,1,pritamdeka/S-BioBERT-snli-multinli-stsb,1
Z7982,long term (current) use of aspirin,Eliminacao e Troca,0.21253445744514465,2,pritamdeka/S-BioBERT-snli-multinli-stsb,0
Z7982,long term (current) use of aspirin,Enfrentamento/Tolerancia ao Estresse,0.18913981318473816,3,pritamdeka/S-BioBERT-snli-multinli-stsb,0
Y834,"other reconstructive surgery as the cause of abnormal reaction of the patient, or of later complication, without mention of misadventure at the time of the procedure",Seguranca/Protecao,0.22964316606521606,1,pritamdeka/S-BioBERT-snli-multinli-stsb,1
Y834,"other reconstructive surgery as the cause of abnormal reaction of the patient, or of later complication, without mention of misadventure at the time of the procedure",Percepcao/Cognicao,0.21440264582633972,2,pritamdeka/S-BioBERT-snli-multinli-stsb,0
Y834,"other reconstructive surgery as the cause of abnormal reaction of the patient, or of later complication, without mention of misadventure at the time of the procedure",Sexualidade,0.19755050539970398,3,pritamdeka/S-BioBERT-snli-multinli-stsb,0
Z9114,patient's other noncompliance with medication regimen,Atividade/Repouso,0.2535814940929413,1,pritamdeka/S-BioBERT-snli-multinli-stsb,1
Z9114,patient's other noncompliance with medication regimen,Eliminacao e Troca,0.2446191906929016,2,pritamdeka/S-BioBERT-snli-multinli-stsb,0
Z9114,patient's other noncompliance with medication regimen,Conforto,0.2115766406059265,3,pritamdeka/S-BioBERT-snli-multinli-stsb,0
B966,bacteroides fragilis [b. fragilis] as the cause of diseases classified elsewhere,Seguranca/Protecao,0.34861087799072266,1,pritamdeka/S-BioBERT-snli-multinli-stsb,1
B966,bacteroides fragilis [b. fragilis] as the cause of diseases classified elsewhere,Atividade/Repouso,0.2985951900482178,2,pritamdeka/S-BioBERT-snli-multinli-stsb,0
B966,bacteroides fragilis [b. fragilis] as the cause of diseases classified elsewhere,Nutricao,0.27209362387657166,3,pritamdeka/S-BioBERT-snli-multinli-stsb,0
E222,syndrome of inappropriate secretion of antidiuretic hormone,Eliminacao e Troca,0.3145447373390198,1,pritamdeka/S-BioBERT-snli-multinli-stsb,1
E222,syndrome of inappropriate secretion of antidiuretic hormone,Nutricao,0.3044397234916687,2,pritamdeka/S-BioBERT-snli-multinli-stsb,0
E222,syndrome of inappropriate secretion of antidiuretic hormone,Crescimento/Desenvolvimento,0.2340531051158905,3,pritamdeka/S-BioBERT-snli-multinli-stsb,0
E790,hyperuricemia without signs of inflammatory arthritis and tophaceous disease,Eliminacao e Troca,0.31746336817741394,1,pritamdeka/S-BioBERT-snli-multinli-stsb,1
E790,hyperuricemia without signs of inflammatory arthritis and tophaceous disease,Nutricao,0.26512008905410767,2,pritamdeka/S-BioBERT-snli-multinli-stsb,0
E790,hyperuricemia without signs of inflammatory arthritis and tophaceous disease,Atividade/Repouso,0.15190796554088593,3,pritamdeka/S-BioBERT-snli-multinli-stsb,0
J309,"allergic rhinitis, unspecified",Seguranca/Protecao,0.28643494844436646,1,pritamdeka/S-BioBERT-snli-multinli-stsb,1
J309,"allergic rhinitis, unspecified",Atividade/Repouso,0.2138899862766266,2,pritamdeka/S-BioBERT-snli-multinli-stsb,0
J309,"allergic rhinitis, unspecified",Enfrentamento/Tolerancia ao Estresse,0.19046013057231903,3,pritamdeka/S-BioBERT-snli-multinli-stsb,0
M47817,"spondylosis without myelopathy or radiculopathy, lumbosacral region",Percepcao/Cognicao,0.2990165948867798,1,pritamdeka/S-BioBERT-snli-multinli-stsb,1
M47817,"spondylosis without myelopathy or radiculopathy, lumbosacral region",Atividade/Repouso,0.24150434136390686,2,pritamdeka/S-BioBERT-snli-multinli-stsb,0
M47817,"spondylosis without myelopathy or radiculopathy, lumbosacral region",Conforto,0.22818249464035034,3,pritamdeka/S-BioBERT-snli-multinli-stsb,0
R159,full incontinence of feces,Nutricao,0.4145222306251526,1,pritamdeka/S-BioBERT-snli-multinli-stsb,1
R159,full incontinence of feces,Eliminacao e Troca,0.41216570138931274,2,pritamdeka/S-BioBERT-snli-multinli-stsb,0
R159,full incontinence of feces,Percepcao/Cognicao,0.21694841980934143,3,pritamdeka/S-BioBERT-snli-multinli-stsb,0
Z1623,resistance to quinolones and fluoroquinolones,Atividade/Repouso,0.2991493344306946,1,pritamdeka/S-BioBERT-snli-multinli-stsb,1
Z1623,resistance to quinolones and fluoroquinolones,Eliminacao e Troca,0.2672908902168274,2,pritamdeka/S-BioBERT-snli-multinli-stsb,0
Z1623,resistance to quinolones and fluoroquinolones,Percepcao/Cognicao,0.24159595370292664,3,pritamdeka/S-BioBERT-snli-multinli-stsb,0
B356,tinea cruris,Percepcao/Cognicao,0.23344075679779053,1,pritamdeka/S-BioBERT-snli-multinli-stsb,1
B356,tinea cruris,Conforto,0.20534572005271912,2,pritamdeka/S-BioBERT-snli-multinli-stsb,0
B356,tinea cruris,Seguranca/Protecao,0.13973987102508545,3,pritamdeka/S-BioBERT-snli-multinli-stsb,0
Z7901,long term (current) use of anticoagulants,Atividade/Repouso,0.366718590259552,1,pritamdeka/S-BioBERT-snli-multinli-stsb,1
Z7901,long term (current) use of anticoagulants,Eliminacao e Troca,0.26994264125823975,2,pritamdeka/S-BioBERT-snli-multinli-stsb,0
Z7901,long term (current) use of anticoagulants,Conforto,0.2505173087120056,3,pritamdeka/S-BioBERT-snli-multinli-stsb,0
F1994,"other psychoactive substance use, unspecified with psychoactive substance-induced mood disorder",Enfrentamento/Tolerancia ao Estresse,0.45791134238243103,1,pritamdeka/S-BioBERT-snli-multinli-stsb,1
F1994,"other psychoactive substance use, unspecified with psychoactive substance-induced mood disorder",Percepcao/Cognicao,0.27646705508232117,2,pritamdeka/S-BioBERT-snli-multinli-stsb,0
F1994,"other psychoactive substance use, unspecified with psychoactive substance-induced mood disorder",Sexualidade,0.24007442593574524,3,pritamdeka/S-BioBERT-snli-multinli-stsb,0
H8110,"benign paroxysmal vertigo, unspecified ear",Percepcao/Cognicao,0.2745792865753174,1,pritamdeka/S-BioBERT-snli-multinli-stsb,1
H8110,"benign paroxysmal vertigo, unspecified ear",Seguranca/Protecao,0.1845388114452362,2,pritamdeka/S-BioBERT-snli-multinli-stsb,0
H8110,"benign paroxysmal vertigo, unspecified ear",Conforto,0.1719328910112381,3,pritamdeka/S-BioBERT-snli-multinli-stsb,0
M3500,"sicca syndrome, unspecified",Seguranca/Protecao,0.19571560621261597,1,pritamdeka/S-BioBERT-snli-multinli-stsb,1
M3500,"sicca syndrome, unspecified",Enfrentamento/Tolerancia ao Estresse,0.18284764885902405,2,pritamdeka/S-BioBERT-snli-multinli-stsb,0
M3500,"sicca syndrome, unspecified",Percepcao/Cognicao,0.16649124026298523,3,pritamdeka/S-BioBERT-snli-multinli-stsb,0
M40209,"unspecified kyphosis, site unspecified",Crescimento/Desenvolvimento,0.17536790668964386,1,pritamdeka/S-BioBERT-snli-multinli-stsb,1
M40209,"unspecified kyphosis, site unspecified",Seguranca/Protecao,0.1587105095386505,2,pritamdeka/S-BioBERT-snli-multinli-stsb,0
M40209,"unspecified kyphosis, site unspecified",Autopercepcao,0.14747892320156097,3,pritamdeka/S-BioBERT-snli-multinli-stsb,0
Z006,encounter for examination for normal comparison and control in clinical research program,Sexualidade,0.2781701683998108,1,pritamdeka/S-BioBERT-snli-multinli-stsb,1
Z006,encounter for examination for normal comparison and control in clinical research program,Conforto,0.27195796370506287,2,pritamdeka/S-BioBERT-snli-multinli-stsb,0
Z006,encounter for examination for normal comparison and control in clinical research program,Percepcao/Cognicao,0.2719043493270874,3,pritamdeka/S-BioBERT-snli-multinli-stsb,0
Z87442,personal history of urinary calculi,Eliminacao e Troca,0.451479971408844,1,pritamdeka/S-BioBERT-snli-multinli-stsb,1
Z87442,personal history of urinary calculi,Nutricao,0.27889665961265564,2,pritamdeka/S-BioBERT-snli-multinli-stsb,0
Z87442,personal history of urinary calculi,Atividade/Repouso,0.23198771476745605,3,pritamdeka/S-BioBERT-snli-multinli-stsb,0
D721,eosinophilia,Enfrentamento/Tolerancia ao Estresse,0.25137925148010254,1,pritamdeka/S-BioBERT-snli-multinli-stsb,1
D721,eosinophilia,Atividade/Repouso,0.2338034212589264,2,pritamdeka/S-BioBERT-snli-multinli-stsb,0
D721,eosinophilia,Seguranca/Protecao,0.2124418318271637,3,pritamdeka/S-BioBERT-snli-multinli-stsb,0
K222,esophageal obstruction,Atividade/Repouso,0.4358763098716736,1,pritamdeka/S-BioBERT-snli-multinli-stsb,1
K222,esophageal obstruction,Eliminacao e Troca,0.38567444682121277,2,pritamdeka/S-BioBERT-snli-multinli-stsb,0
K222,esophageal obstruction,Nutricao,0.33663079142570496,3,pritamdeka/S-BioBERT-snli-multinli-stsb,0
M109,"gout, unspecified",Eliminacao e Troca,0.230157732963562,1,pritamdeka/S-BioBERT-snli-multinli-stsb,1
M109,"gout, unspecified",Nutricao,0.21529023349285126,2,pritamdeka/S-BioBERT-snli-multinli-stsb,0
M109,"gout, unspecified",Seguranca/Protecao,0.16667677462100983,3,pritamdeka/S-BioBERT-snli-multinli-stsb,0
R7989,other specified abnormal findings of blood chemistry,Enfrentamento/Tolerancia ao Estresse,0.32075750827789307,1,pritamdeka/S-BioBERT-snli-multinli-stsb,1
R7989,other specified abnormal findings of blood chemistry,Nutricao,0.3186877965927124,2,pritamdeka/S-BioBERT-snli-multinli-stsb,0
R7989,other specified abnormal findings of blood chemistry,Atividade/Repouso,0.29829367995262146,3,pritamdeka/S-BioBERT-snli-multinli-stsb,0
Z8249,family history of ischemic heart disease and other diseases of the circulatory system,Atividade/Repouso,0.5371626615524292,1,pritamdeka/S-BioBERT-snli-multinli-stsb,1
Z8249,family history of ischemic heart disease and other diseases of the circulatory system,Papeis e Relacionamentos,0.4317724406719208,2,pritamdeka/S-BioBERT-snli-multinli-stsb,0
Z8249,family history of ischemic heart disease and other diseases of the circulatory system,Eliminacao e Troca,0.39948970079421997,3,pritamdeka/S-BioBERT-snli-multinli-stsb,0
Z952,presence of prosthetic heart valve,Atividade/Repouso,0.33028915524482727,1,pritamdeka/S-BioBERT-snli-multinli-stsb,1
Z952,presence of prosthetic heart valve,Sexualidade,0.31165173649787903,2,pritamdeka/S-BioBERT-snli-multinli-stsb,0
Z952,presence of prosthetic heart valve,Eliminacao e Troca,0.2317531406879425,3,pritamdeka/S-BioBERT-snli-multinli-stsb,0
D689,"coagulation defect, unspecified",Seguranca/Protecao,0.26979508996009827,1,pritamdeka/S-BioBERT-snli-multinli-stsb,1
D689,"coagulation defect, unspecified",Percepcao/Cognicao,0.23796357214450836,2,pritamdeka/S-BioBERT-snli-multinli-stsb,0
D689,"coagulation defect, unspecified",Nutricao,0.21236345171928406,3,pritamdeka/S-BioBERT-snli-multinli-stsb,0
E038,other specified hypothyroidism,Percepcao/Cognicao,0.32801327109336853,1,pritamdeka/S-BioBERT-snli-multinli-stsb,1
E038,other specified hypothyroidism,Nutricao,0.30965614318847656,2,pritamdeka/S-BioBERT-snli-multinli-stsb,0
E038,other specified hypothyroidism,Seguranca/Protecao,0.2983679175376892,3,pritamdeka/S-BioBERT-snli-multinli-stsb,0
R509,"fever, unspecified",Seguranca/Protecao,0.23243790864944458,1,pritamdeka/S-BioBERT-snli-multinli-stsb,1
R509,"fever, unspecified",Nutricao,0.17130465805530548,2,pritamdeka/S-BioBERT-snli-multinli-stsb,0
R509,"fever, unspecified",Percepcao/Cognicao,0.14585310220718384,3,pritamdeka/S-BioBERT-snli-multinli-stsb,0
Y92239,unspecified place in hospital as the place of occurrence of the external cause,Seguranca/Protecao,0.32086023688316345,1,pritamdeka/S-BioBERT-snli-multinli-stsb,1
Y92239,unspecified place in hospital as the place of occurrence of the external cause,Atividade/Repouso,0.2079835832118988,2,pritamdeka/S-BioBERT-snli-multinli-stsb,0
Y92239,unspecified place in hospital as the place of occurrence of the external cause,Percepcao/Cognicao,0.18699470162391663,3,pritamdeka/S-BioBERT-snli-multinli-stsb,0
Z980,intestinal bypass and anastomosis status,Eliminacao e Troca,0.3617106080055237,1,pritamdeka/S-BioBERT-snli-multinli-stsb,1
Z980,intestinal bypass and anastomosis status,Nutricao,0.3322265148162842,2,pritamdeka/S-BioBERT-snli-multinli-stsb,0
Z980,intestinal bypass and anastomosis status,Seguranca/Protecao,0.2661152482032776,3,pritamdeka/S-BioBERT-snli-multinli-stsb,0
D709,"neutropenia, unspecified",Nutricao,0.2822217047214508,1,pritamdeka/S-BioBERT-snli-multinli-stsb,1
D709,"neutropenia, unspecified",Eliminacao e Troca,0.2653748393058777,2,pritamdeka/S-BioBERT-snli-multinli-stsb,0
D709,"neutropenia, unspecified",Conforto,0.26311278343200684,3,pritamdeka/S-BioBERT-snli-multinli-stsb,0
E874,mixed disorder of acid-base balance,Nutricao,0.4780914783477783,1,pritamdeka/S-BioBERT-snli-multinli-stsb,1
E874,mixed disorder of acid-base balance,Eliminacao e Troca,0.41922515630722046,2,pritamdeka/S-BioBERT-snli-multinli-stsb,0
E874,mixed disorder of acid-base balance,Atividade/Repouso,0.37751948833465576,3,pritamdeka/S-BioBERT-snli-multinli-stsb,0
I82622,acute embolism and thrombosis of deep veins of left upper extremity,Atividade/Repouso,0.22697800397872925,1,pritamdeka/S-BioBERT-snli-multinli-stsb,1
I82622,acute embolism and thrombosis of deep veins of left upper extremity,Seguranca/Protecao,0.21808792650699615,2,pritamdeka/S-BioBERT-snli-multinli-stsb,0
I82622,acute embolism and thrombosis of deep veins of left upper extremity,Percepcao/Cognicao,0.20080766081809998,3,pritamdeka/S-BioBERT-snli-multinli-stsb,0
M542,cervicalgia,Conforto,0.4805411994457245,1,pritamdeka/S-BioBERT-snli-multinli-stsb,1
M542,cervicalgia,Percepcao/Cognicao,0.39154836535453796,2,pritamdeka/S-BioBERT-snli-multinli-stsb,0
M542,cervicalgia,Atividade/Repouso,0.2992725372314453,3,pritamdeka/S-BioBERT-snli-multinli-stsb,0
Y92230,patient room in hospital as the place of occurrence of the external cause,Seguranca/Protecao,0.33231812715530396,1,pritamdeka/S-BioBERT-snli-multinli-stsb,1
Y92230,patient room in hospital as the place of occurrence of the external cause,Atividade/Repouso,0.23301833868026733,2,pritamdeka/S-BioBERT-snli-multinli-stsb,0
Y92230,patient room in hospital as the place of occurrence of the external cause,Percepcao/Cognicao,0.20081494748592377,3,pritamdeka/S-BioBERT-snli-multinli-stsb,0
Z6838,"body mass index (bmi) 38.0-38.9, adult",Autopercepcao,0.27102479338645935,1,pritamdeka/S-BioBERT-snli-multinli-stsb,1
Z6838,"body mass index (bmi) 38.0-38.9, adult",Conforto,0.2023942470550537,2,pritamdeka/S-BioBERT-snli-multinli-stsb,0
Z6838,"body mass index (bmi) 38.0-38.9, adult",Enfrentamento/Tolerancia ao Estresse,0.18710485100746155,3,pritamdeka/S-BioBERT-snli-multinli-stsb,0
Z931,gastrostomy status,Nutricao,0.432212233543396,1,pritamdeka/S-BioBERT-snli-multinli-stsb,1
Z931,gastrostomy status,Eliminacao e Troca,0.4066464900970459,2,pritamdeka/S-BioBERT-snli-multinli-stsb,0
Z931,gastrostomy status,Crescimento/Desenvolvimento,0.24986042082309723,3,pritamdeka/S-BioBERT-snli-multinli-stsb,0
B59,pneumocystosis,Atividade/Repouso,0.3121146559715271,1,pritamdeka/S-BioBERT-snli-multinli-stsb,1
B59,pneumocystosis,Conforto,0.2958170771598816,2,pritamdeka/S-BioBERT-snli-multinli-stsb,0
B59,pneumocystosis,Percepcao/Cognicao,0.24619950354099274,3,pritamdeka/S-BioBERT-snli-multinli-stsb,0
C946,"myelodysplastic disease, not classified",Percepcao/Cognicao,0.2501224875450134,1,pritamdeka/S-BioBERT-snli-multinli-stsb,1
C946,"myelodysplastic disease, not classified",Enfrentamento/Tolerancia ao Estresse,0.22311320900917053,2,pritamdeka/S-BioBERT-snli-multinli-stsb,0
C946,"myelodysplastic disease, not classified",Eliminacao e Troca,0.22115570306777954,3,pritamdeka/S-BioBERT-snli-multinli-stsb,0
E041,nontoxic single thyroid nodule,Percepcao/Cognicao,0.18635836243629456,1,pritamdeka/S-BioBERT-snli-multinli-stsb,1
E041,nontoxic single thyroid nodule,Sexualidade,0.16683383285999298,2,pritamdeka/S-BioBERT-snli-multinli-stsb,0
E041,nontoxic single thyroid nodule,Autopercepcao,0.1645377278327942,3,pritamdeka/S-BioBERT-snli-multinli-stsb,0
F10239,"alcohol dependence with withdrawal, unspecified",Enfrentamento/Tolerancia ao Estresse,0.27951982617378235,1,pritamdeka/S-BioBERT-snli-multinli-stsb,1
F10239,"alcohol dependence with withdrawal, unspecified",Eliminacao e Troca,0.1933450996875763,2,pritamdeka/S-BioBERT-snli-multinli-stsb,0
F10239,"alcohol dependence with withdrawal, unspecified",Principios Vitais,0.17736302316188812,3,pritamdeka/S-BioBERT-snli-multinli-stsb,0
F1220,"cannabis dependence, uncomplicated",Enfrentamento/Tolerancia ao Estresse,0.18542234599590302,1,pritamdeka/S-BioBERT-snli-multinli-stsb,1
F1220,"cannabis dependence, uncomplicated",Seguranca/Protecao,0.11420796811580658,2,pritamdeka/S-BioBERT-snli-multinli-stsb,0
F1220,"cannabis dependence, uncomplicated",Percepcao/Cognicao,0.0931924432516098,3,pritamdeka/S-BioBERT-snli-multinli-stsb,0
I81,portal vein thrombosis,Conforto,0.2648330628871918,1,pritamdeka/S-BioBERT-snli-multinli-stsb,1
I81,portal vein thrombosis,Eliminacao e Troca,0.23581503331661224,2,pritamdeka/S-BioBERT-snli-multinli-stsb,0
I81,portal vein thrombosis,Percepcao/Cognicao,0.20567931234836578,3,pritamdeka/S-BioBERT-snli-multinli-stsb,0
M160,bilateral primary osteoarthritis of hip,Atividade/Repouso,0.24739503860473633,1,pritamdeka/S-BioBERT-snli-multinli-stsb,1
M160,bilateral primary osteoarthritis of hip,Sexualidade,0.23127374053001404,2,pritamdeka/S-BioBERT-snli-multinli-stsb,0
M160,bilateral primary osteoarthritis of hip,Promocao da Saude,0.1935196816921234,3,pritamdeka/S-BioBERT-snli-multinli-stsb,0
R5084,febrile nonhemolytic transfusion reaction,Seguranca/Protecao,0.3290702700614929,1,pritamdeka/S-BioBERT-snli-multinli-stsb,1
R5084,febrile nonhemolytic transfusion reaction,Percepcao/Cognicao,0.2575163245201111,2,pritamdeka/S-BioBERT-snli-multinli-stsb,0
R5084,febrile nonhemolytic transfusion reaction,Eliminacao e Troca,0.23354390263557434,3,pritamdeka/S-BioBERT-snli-multinli-stsb,0
Z6830,"body mass index (bmi) 30.0-30.9, adult",Autopercepcao,0.22674688696861267,1,pritamdeka/S-BioBERT-snli-multinli-stsb,1
Z6830,"body mass index (bmi) 30.0-30.9, adult",Atividade/Repouso,0.21220800280570984,2,pritamdeka/S-BioBERT-snli-multinli-stsb,0
Z6830,"body mass index (bmi) 30.0-30.9, adult",Nutricao,0.209075927734375,3,pritamdeka/S-BioBERT-snli-multinli-stsb,0
Z9012,acquired absence of left breast and nipple,Autopercepcao,0.1768438220024109,1,pritamdeka/S-BioBERT-snli-multinli-stsb,1
Z9012,acquired absence of left breast and nipple,Crescimento/Desenvolvimento,0.12297612428665161,2,pritamdeka/S-BioBERT-snli-multinli-stsb,0
Z9012,acquired absence of left breast and nipple,Nutricao,0.09077204018831253,3,pritamdeka/S-BioBERT-snli-multinli-stsb,0
F1490,"cocaine use, unspecified, uncomplicated",Enfrentamento/Tolerancia ao Estresse,0.14775170385837555,1,pritamdeka/S-BioBERT-snli-multinli-stsb,1
F1490,"cocaine use, unspecified, uncomplicated",Seguranca/Protecao,0.13611122965812683,2,pritamdeka/S-BioBERT-snli-multinli-stsb,0
F1490,"cocaine use, unspecified, uncomplicated",Principios Vitais,0.10660572350025177,3,pritamdeka/S-BioBERT-snli-multinli-stsb,0
Y832,"surgical operation with anastomosis, bypass or graft as the cause of abnormal reaction of the patient, or of later complication, without mention of misadventure at the time of the procedure",Seguranca/Protecao,0.28285491466522217,1,pritamdeka/S-BioBERT-snli-multinli-stsb,1
Y832,"surgical operation with anastomosis, bypass or graft as the cause of abnormal reaction of the patient, or of later complication, without mention of misadventure at the time of the procedure",Percepcao/Cognicao,0.22518843412399292,2,pritamdeka/S-BioBERT-snli-multinli-stsb,0
Y832,"surgical operation with anastomosis, bypass or graft as the cause of abnormal reaction of the patient, or of later complication, without mention of misadventure at the time of the procedure",Enfrentamento/Tolerancia ao Estresse,0.2128855586051941,3,pritamdeka/S-BioBERT-snli-multinli-stsb,0
D469,"myelodysplastic syndrome, unspecified",Percepcao/Cognicao,0.26854246854782104,1,pritamdeka/S-BioBERT-snli-multinli-stsb,1
D469,"myelodysplastic syndrome, unspecified",Enfrentamento/Tolerancia ao Estresse,0.24675872921943665,2,pritamdeka/S-BioBERT-snli-multinli-stsb,0
D469,"myelodysplastic syndrome, unspecified",Conforto,0.22929176688194275,3,pritamdeka/S-BioBERT-snli-multinli-stsb,0
E0520,thyrotoxicosis with toxic multinodular goiter without thyrotoxic crisis or storm,Percepcao/Cognicao,0.2621833086013794,1,pritamdeka/S-BioBERT-snli-multinli-stsb,1
E0520,thyrotoxicosis with toxic multinodular goiter without thyrotoxic crisis or storm,Enfrentamento/Tolerancia ao Estresse,0.23914343118667603,2,pritamdeka/S-BioBERT-snli-multinli-stsb,0
E0520,thyrotoxicosis with toxic multinodular goiter without thyrotoxic crisis or storm,Seguranca/Protecao,0.2357942909002304,3,pritamdeka/S-BioBERT-snli-multinli-stsb,0
G931,"anoxic brain damage, not elsewhere classified",Percepcao/Cognicao,0.27465060353279114,1,pritamdeka/S-BioBERT-snli-multinli-stsb,1
G931,"anoxic brain damage, not elsewhere classified",Seguranca/Protecao,0.18350905179977417,2,pritamdeka/S-BioBERT-snli-multinli-stsb,0
G931,"anoxic brain damage, not elsewhere classified",Atividade/Repouso,0.14705875515937805,3,pritamdeka/S-BioBERT-snli-multinli-stsb,0
J942,hemothorax,Atividade/Repouso,0.2415999174118042,1,pritamdeka/S-BioBERT-snli-multinli-stsb,1
J942,hemothorax,Principios Vitais,0.2401392161846161,2,pritamdeka/S-BioBERT-snli-multinli-stsb,0
J942,hemothorax,Conforto,0.2193012833595276,3,pritamdeka/S-BioBERT-snli-multinli-stsb,0
R5383,other fatigue,Atividade/Repouso,0.3517756164073944,1,pritamdeka/S-BioBERT-snli-multinli-stsb,1
R5383,other fatigue,Percepcao/Cognicao,0.3208255469799042,2,pritamdeka/S-BioBERT-snli-multinli-stsb,0
R5383,other fatigue,Conforto,0.28827548027038574,3,pritamdeka/S-BioBERT-snli-multinli-stsb,0
B952,enterococcus as the cause of diseases classified elsewhere,Eliminacao e Troca,0.3473290801048279,1,pritamdeka/S-BioBERT-snli-multinli-stsb,1
B952,enterococcus as the cause of diseases classified elsewhere,Seguranca/Protecao,0.3073122501373291,2,pritamdeka/S-BioBERT-snli-multinli-stsb,0
B952,enterococcus as the cause of diseases classified elsewhere,Percepcao/Cognicao,0.27087676525115967,3,pritamdeka/S-BioBERT-snli-multinli-stsb,0
B964,proteus (mirabilis) (morganii) as the cause of diseases classified elsewhere,Nutricao,0.23897899687290192,1,pritamdeka/S-BioBERT-snli-multinli-stsb,1
B964,proteus (mirabilis) (morganii) as the cause of diseases classified elsewhere,Seguranca/Protecao,0.23515047132968903,2,pritamdeka/S-BioBERT-snli-multinli-stsb,0
B964,proteus (mirabilis) (morganii) as the cause of diseases classified elsewhere,Conforto,0.22413229942321777,3,pritamdeka/S-BioBERT-snli-multinli-stsb,0
B9681,helicobacter pylori [h. pylori] as the cause of diseases classified elsewhere,Eliminacao e Troca,0.33002087473869324,1,pritamdeka/S-BioBERT-snli-multinli-stsb,1
B9681,helicobacter pylori [h. pylori] as the cause of diseases classified elsewhere,Atividade/Repouso,0.2880980372428894,2,pritamdeka/S-BioBERT-snli-multinli-stsb,0
B9681,helicobacter pylori [h. pylori] as the cause of diseases classified elsewhere,Sexualidade,0.27922481298446655,3,pritamdeka/S-BioBERT-snli-multinli-stsb,0
D471,chronic myeloproliferative disease,Conforto,0.45302024483680725,1,pritamdeka/S-BioBERT-snli-multinli-stsb,1
D471,chronic myeloproliferative disease,Atividade/Repouso,0.40119048953056335,2,pritamdeka/S-BioBERT-snli-multinli-stsb,0
D471,chronic myeloproliferative disease,Eliminacao e Troca,0.3487732410430908,3,pritamdeka/S-BioBERT-snli-multinli-stsb,0
D72819,"decreased white blood cell count, unspecified",Eliminacao e Troca,0.24411901831626892,1,pritamdeka/S-BioBERT-snli-multinli-stsb,1
D72819,"decreased white blood cell count, unspecified",Seguranca/Protecao,0.22311049699783325,2,pritamdeka/S-BioBERT-snli-multinli-stsb,0
D72819,"decreased white blood cell count, unspecified",Nutricao,0.22053977847099304,3,pritamdeka/S-BioBERT-snli-multinli-stsb,0
D89813,"graft-versus-host disease, unspecified",Seguranca/Protecao,0.28629112243652344,1,pritamdeka/S-BioBERT-snli-multinli-stsb,1
D89813,"graft-versus-host disease, unspecified",Eliminacao e Troca,0.24423089623451233,2,pritamdeka/S-BioBERT-snli-multinli-stsb,0
D89813,"graft-versus-host disease, unspecified",Sexualidade,0.194615438580513,3,pritamdeka/S-BioBERT-snli-multinli-stsb,0
F1020,"alcohol dependence, uncomplicated",Enfrentamento/Tolerancia ao Estresse,0.20162995159626007,1,pritamdeka/S-BioBERT-snli-multinli-stsb,1
F1020,"alcohol dependence, uncomplicated",Seguranca/Protecao,0.13426339626312256,2,pritamdeka/S-BioBERT-snli-multinli-stsb,0
F1020,"alcohol dependence, uncomplicated",Eliminacao e Troca,0.1315494179725647,3,pritamdeka/S-BioBERT-snli-multinli-stsb,0
H3530,unspecified macular degeneration,Percepcao/Cognicao,0.3154122233390808,1,pritamdeka/S-BioBERT-snli-multinli-stsb,1
H3530,unspecified macular degeneration,Eliminacao e Troca,0.2061326503753662,2,pritamdeka/S-BioBERT-snli-multinli-stsb,0
H3530,unspecified macular degeneration,Nutricao,0.20538434386253357,3,pritamdeka/S-BioBERT-snli-multinli-stsb,0
I313,pericardial effusion (noninflammatory),Seguranca/Protecao,0.26882272958755493,1,pritamdeka/S-BioBERT-snli-multinli-stsb,1
I313,pericardial effusion (noninflammatory),Atividade/Repouso,0.2337222397327423,2,pritamdeka/S-BioBERT-snli-multinli-stsb,0
I313,pericardial effusion (noninflammatory),Percepcao/Cognicao,0.21430397033691406,3,pritamdeka/S-BioBERT-snli-multinli-stsb,0
K316,fistula of stomach and duodenum,Eliminacao e Troca,0.4354928135871887,1,pritamdeka/S-BioBERT-snli-multinli-stsb,1
K316,fistula of stomach and duodenum,Nutricao,0.3495792746543884,2,pritamdeka/S-BioBERT-snli-multinli-stsb,0
K316,fistula of stomach and duodenum,Atividade/Repouso,0.21129608154296875,3,pritamdeka/S-BioBERT-snli-multinli-stsb,0
Z6829,"body mass index (bmi) 29.0-29.9, adult",Autopercepcao,0.2999638319015503,1,pritamdeka/S-BioBERT-snli-multinli-stsb,1
Z6829,"body mass index (bmi) 29.0-29.9, adult",Atividade/Repouso,0.2523992955684662,2,pritamdeka/S-BioBERT-snli-multinli-stsb,0
Z6829,"body mass index (bmi) 29.0-29.9, adult",Nutricao,0.2190876007080078,3,pritamdeka/S-BioBERT-snli-multinli-stsb,0
I248,other forms of acute ischemic heart disease,Atividade/Repouso,0.4875749349594116,1,pritamdeka/S-BioBERT-snli-multinli-stsb,1
I248,other forms of acute ischemic heart disease,Percepcao/Cognicao,0.3864014744758606,2,pritamdeka/S-BioBERT-snli-multinli-stsb,0
I248,other forms of acute ischemic heart disease,Eliminacao e Troca,0.34571823477745056,3,pritamdeka/S-BioBERT-snli-multinli-stsb,0
I7789,other specified disorders of arteries and arterioles,Atividade/Repouso,0.37089210748672485,1,pritamdeka/S-BioBERT-snli-multinli-stsb,1
I7789,other specified disorders of arteries and arterioles,Percepcao/Cognicao,0.3121259808540344,2,pritamdeka/S-BioBERT-snli-multinli-stsb,0
I7789,other specified disorders of arteries and arterioles,Eliminacao e Troca,0.31089097261428833,3,pritamdeka/S-BioBERT-snli-multinli-stsb,0
M19012,"primary osteoarthritis, left shoulder",Conforto,0.19954994320869446,1,pritamdeka/S-BioBERT-snli-multinli-stsb,1
M19012,"primary osteoarthritis, left shoulder",Eliminacao e Troca,0.19154933094978333,2,pritamdeka/S-BioBERT-snli-multinli-stsb,0
M19012,"primary osteoarthritis, left shoulder",Atividade/Repouso,0.17222391068935394,3,pritamdeka/S-BioBERT-snli-multinli-stsb,0
R319,"hematuria, unspecified",Eliminacao e Troca,0.2925530672073364,1,pritamdeka/S-BioBERT-snli-multinli-stsb,1
R319,"hematuria, unspecified",Nutricao,0.26601871848106384,2,pritamdeka/S-BioBERT-snli-multinli-stsb,0
R319,"hematuria, unspecified",Seguranca/Protecao,0.1761971414089203,3,pritamdeka/S-BioBERT-snli-multinli-stsb,0
R791,abnormal coagulation profile,Atividade/Repouso,0.31301426887512207,1,pritamdeka/S-BioBERT-snli-multinli-stsb,1
R791,abnormal coagulation profile,Conforto,0.2797592580318451,2,pritamdeka/S-BioBERT-snli-multinli-stsb,0
R791,abnormal coagulation profile,Percepcao/Cognicao,0.2782577574253082,3,pritamdeka/S-BioBERT-snli-multinli-stsb,0
Z6832,"body mass index (bmi) 32.0-32.9, adult",Nutricao,0.24511605501174927,1,pritamdeka/S-BioBERT-snli-multinli-stsb,1
Z6832,"body mass index (bmi) 32.0-32.9, adult",Autopercepcao,0.226449653506279,2,pritamdeka/S-BioBERT-snli-multinli-stsb,0
Z6832,"body mass index (bmi) 32.0-32.9, adult",Seguranca/Protecao,0.17725178599357605,3,pritamdeka/S-BioBERT-snli-multinli-stsb,0
Z905,acquired absence of kidney,Eliminacao e Troca,0.2965182065963745,1,pritamdeka/S-BioBERT-snli-multinli-stsb,1
Z905,acquired absence of kidney,Crescimento/Desenvolvimento,0.28935593366622925,2,pritamdeka/S-BioBERT-snli-multinli-stsb,0
Z905,acquired absence of kidney,Nutricao,0.18350034952163696,3,pritamdeka/S-BioBERT-snli-multinli-stsb,0
F10129,"alcohol abuse with intoxication, unspecified",Enfrentamento/Tolerancia ao Estresse,0.218786358833313,1,pritamdeka/S-BioBERT-snli-multinli-stsb,1
F10129,"alcohol abuse with intoxication, unspecified",Eliminacao e Troca,0.15743745863437653,2,pritamdeka/S-BioBERT-snli-multinli-stsb,0
F10129,"alcohol abuse with intoxication, unspecified",Percepcao/Cognicao,0.10812531411647797,3,pritamdeka/S-BioBERT-snli-multinli-stsb,0
I4892,unspecified atrial flutter,Atividade/Repouso,0.23951998353004456,1,pritamdeka/S-BioBERT-snli-multinli-stsb,1
I4892,unspecified atrial flutter,Sexualidade,0.1494176834821701,2,pritamdeka/S-BioBERT-snli-multinli-stsb,0
I4892,unspecified atrial flutter,Seguranca/Protecao,0.13612601161003113,3,pritamdeka/S-BioBERT-snli-multinli-stsb,0
L281,prurigo nodularis,Conforto,0.2154484987258911,1,pritamdeka/S-BioBERT-snli-multinli-stsb,1
L281,prurigo nodularis,Eliminacao e Troca,0.16665291786193848,2,pritamdeka/S-BioBERT-snli-multinli-stsb,0
L281,prurigo nodularis,Percepcao/Cognicao,0.1636282503604889,3,pritamdeka/S-BioBERT-snli-multinli-stsb,0
Z7902,long term (current) use of antithrombotics/antiplatelets,Atividade/Repouso,0.3948034942150116,1,pritamdeka/S-BioBERT-snli-multinli-stsb,1
Z7902,long term (current) use of antithrombotics/antiplatelets,Sexualidade,0.3143623471260071,2,pritamdeka/S-BioBERT-snli-multinli-stsb,0
Z7902,long term (current) use of antithrombotics/antiplatelets,Seguranca/Protecao,0.28107190132141113,3,pritamdeka/S-BioBERT-snli-multinli-stsb,0
Z9282,status post administration of tpa (rtpa) in a different facility within the last 24 hours prior to admission to current facility,Enfrentamento/Tolerancia ao Estresse,0.11706070601940155,1,pritamdeka/S-BioBERT-snli-multinli-stsb,1
Z9282,status post administration of tpa (rtpa) in a different facility within the last 24 hours prior to admission to current facility,Crescimento/Desenvolvimento,0.09374921768903732,2,pritamdeka/S-BioBERT-snli-multinli-stsb,0
Z9282,status post administration of tpa (rtpa) in a different facility within the last 24 hours prior to admission to current facility,Eliminacao e Troca,0.08245820552110672,3,pritamdeka/S-BioBERT-snli-multinli-stsb,0
I82621,acute embolism and thrombosis of deep veins of right upper extremity,Atividade/Repouso,0.23476281762123108,1,pritamdeka/S-BioBERT-snli-multinli-stsb,1
I82621,acute embolism and thrombosis of deep veins of right upper extremity,Seguranca/Protecao,0.20860432088375092,2,pritamdeka/S-BioBERT-snli-multinli-stsb,0
I82621,acute embolism and thrombosis of deep veins of right upper extremity,Eliminacao e Troca,0.20216798782348633,3,pritamdeka/S-BioBERT-snli-multinli-stsb,0
L299,"pruritus, unspecified",Conforto,0.2267780303955078,1,pritamdeka/S-BioBERT-snli-multinli-stsb,1
L299,"pruritus, unspecified",Nutricao,0.21273136138916016,2,pritamdeka/S-BioBERT-snli-multinli-stsb,0
L299,"pruritus, unspecified",Seguranca/Protecao,0.20578040182590485,3,pritamdeka/S-BioBERT-snli-multinli-stsb,0
M47818,"spondylosis without myelopathy or radiculopathy, sacral and sacrococcygeal region",Percepcao/Cognicao,0.33356282114982605,1,pritamdeka/S-BioBERT-snli-multinli-stsb,1
M47818,"spondylosis without myelopathy or radiculopathy, sacral and sacrococcygeal region",Conforto,0.2539827525615692,2,pritamdeka/S-BioBERT-snli-multinli-stsb,0
M47818,"spondylosis without myelopathy or radiculopathy, sacral and sacrococcygeal region",Atividade/Repouso,0.2528753876686096,3,pritamdeka/S-BioBERT-snli-multinli-stsb,0
V270XXA,"motorcycle driver injured in collision with fixed or stationary object in nontraffic accident, initial encounter",Percepcao/Cognicao,0.17575310170650482,1,pritamdeka/S-BioBERT-snli-multinli-stsb,1
V270XXA,"motorcycle driver injured in collision with fixed or stationary object in nontraffic accident, initial encounter",Seguranca/Protecao,0.12940636277198792,2,pritamdeka/S-BioBERT-snli-multinli-stsb,0
V270XXA,"motorcycle driver injured in collision with fixed or stationary object in nontraffic accident, initial encounter",Atividade/Repouso,0.09993702918291092,3,pritamdeka/S-BioBERT-snli-multinli-stsb,0
X58XXXA,"exposure to other specified factors, initial encounter",Seguranca/Protecao,0.39531558752059937,1,pritamdeka/S-BioBERT-snli-multinli-stsb,1
X58XXXA,"exposure to other specified factors, initial encounter",Autopercepcao,0.2883632779121399,2,pritamdeka/S-BioBERT-snli-multinli-stsb,0
X58XXXA,"exposure to other specified factors, initial encounter",Enfrentamento/Tolerancia ao Estresse,0.2875205874443054,3,pritamdeka/S-BioBERT-snli-multinli-stsb,0
Z433,encounter for attention to colostomy,Eliminacao e Troca,0.418222039937973,1,pritamdeka/S-BioBERT-snli-multinli-stsb,1
Z433,encounter for attention to colostomy,Nutricao,0.36408424377441406,2,pritamdeka/S-BioBERT-snli-multinli-stsb,0
Z433,encounter for attention to colostomy,Conforto,0.30777326226234436,3,pritamdeka/S-BioBERT-snli-multinli-stsb,0
I5181,takotsubo syndrome,Percepcao/Cognicao,0.24710142612457275,1,pritamdeka/S-BioBERT-snli-multinli-stsb,1
I5181,takotsubo syndrome,Enfrentamento/Tolerancia ao Estresse,0.16655460000038147,2,pritamdeka/S-BioBERT-snli-multinli-stsb,0
I5181,takotsubo syndrome,Sexualidade,0.15955956280231476,3,pritamdeka/S-BioBERT-snli-multinli-stsb,0
M96831,postprocedural hemorrhage of a musculoskeletal structure following other procedure,Seguranca/Protecao,0.35635268688201904,1,pritamdeka/S-BioBERT-snli-multinli-stsb,1
M96831,postprocedural hemorrhage of a musculoskeletal structure following other procedure,Atividade/Repouso,0.2978954315185547,2,pritamdeka/S-BioBERT-snli-multinli-stsb,0
M96831,postprocedural hemorrhage of a musculoskeletal structure following other procedure,Percepcao/Cognicao,0.29747575521469116,3,pritamdeka/S-BioBERT-snli-multinli-stsb,0
R488,other symbolic dysfunctions,Percepcao/Cognicao,0.302112877368927,1,pritamdeka/S-BioBERT-snli-multinli-stsb,1
R488,other symbolic dysfunctions,Principios Vitais,0.2609066963195801,2,pritamdeka/S-BioBERT-snli-multinli-stsb,0
R488,other symbolic dysfunctions,Nutricao,0.24293895065784454,3,pritamdeka/S-BioBERT-snli-multinli-stsb,0
R61,generalized hyperhidrosis,Principios Vitais,0.18667569756507874,1,pritamdeka/S-BioBERT-snli-multinli-stsb,1
R61,generalized hyperhidrosis,Atividade/Repouso,0.18646357953548431,2,pritamdeka/S-BioBERT-snli-multinli-stsb,0
R61,generalized hyperhidrosis,Seguranca/Protecao,0.16346299648284912,3,pritamdeka/S-BioBERT-snli-multinli-stsb,0
R823,hemoglobinuria,Nutricao,0.32863491773605347,1,pritamdeka/S-BioBERT-snli-multinli-stsb,1
R823,hemoglobinuria,Eliminacao e Troca,0.30243247747421265,2,pritamdeka/S-BioBERT-snli-multinli-stsb,0
R823,hemoglobinuria,Atividade/Repouso,0.2555857300758362,3,pritamdeka/S-BioBERT-snli-multinli-stsb,0
Z5309,procedure and treatment not carried out because of other contraindication,Seguranca/Protecao,0.13678386807441711,1,pritamdeka/S-BioBERT-snli-multinli-stsb,1
Z5309,procedure and treatment not carried out because of other contraindication,Principios Vitais,0.08719244599342346,2,pritamdeka/S-BioBERT-snli-multinli-stsb,0
Z5309,procedure and treatment not carried out because of other contraindication,Crescimento/Desenvolvimento,0.08389551192522049,3,pritamdeka/S-BioBERT-snli-multinli-stsb,0
Z6833,"body mass index (bmi) 33.0-33.9, adult",Autopercepcao,0.3022996485233307,1,pritamdeka/S-BioBERT-snli-multinli-stsb,1
Z6833,"body mass index (bmi) 33.0-33.9, adult",Atividade/Repouso,0.21209493279457092,2,pritamdeka/S-BioBERT-snli-multinli-stsb,0
Z6833,"body mass index (bmi) 33.0-33.9, adult",Nutricao,0.20896509289741516,3,pritamdeka/S-BioBERT-snli-multinli-stsb,0
Z9049,acquired absence of other specified parts of digestive tract,Nutricao,0.27851352095603943,1,pritamdeka/S-BioBERT-snli-multinli-stsb,1
Z9049,acquired absence of other specified parts of digestive tract,Crescimento/Desenvolvimento,0.25327223539352417,2,pritamdeka/S-BioBERT-snli-multinli-stsb,0
Z9049,acquired absence of other specified parts of digestive tract,Eliminacao e Troca,0.22777676582336426,3,pritamdeka/S-BioBERT-snli-multinli-stsb,0
Z961,presence of intraocular lens,Percepcao/Cognicao,0.2231137603521347,1,pritamdeka/S-BioBERT-snli-multinli-stsb,1
Z961,presence of intraocular lens,Autopercepcao,0.21642616391181946,2,pritamdeka/S-BioBERT-snli-multinli-stsb,0
Z961,presence of intraocular lens,Atividade/Repouso,0.20690006017684937,3,pritamdeka/S-BioBERT-snli-multinli-stsb,0
H1133,"conjunctival hemorrhage, bilateral",Seguranca/Protecao,0.21599972248077393,1,pritamdeka/S-BioBERT-snli-multinli-stsb,1
H1133,"conjunctival hemorrhage, bilateral",Percepcao/Cognicao,0.20418936014175415,2,pritamdeka/S-BioBERT-snli-multinli-stsb,0
H1133,"conjunctival hemorrhage, bilateral",Principios Vitais,0.19788230955600739,3,pritamdeka/S-BioBERT-snli-multinli-stsb,0
H53143,"visual discomfort, bilateral",Conforto,0.33728083968162537,1,pritamdeka/S-BioBERT-snli-multinli-stsb,1
H53143,"visual discomfort, bilateral",Atividade/Repouso,0.24998906254768372,2,pritamdeka/S-BioBERT-snli-multinli-stsb,0
H53143,"visual discomfort, bilateral",Eliminacao e Troca,0.2300918698310852,3,pritamdeka/S-BioBERT-snli-multinli-stsb,0
M1000,"idiopathic gout, unspecified site",Eliminacao e Troca,0.20630499720573425,1,pritamdeka/S-BioBERT-snli-multinli-stsb,1
M1000,"idiopathic gout, unspecified site",Seguranca/Protecao,0.1986563503742218,2,pritamdeka/S-BioBERT-snli-multinli-stsb,0
M1000,"idiopathic gout, unspecified site",Nutricao,0.16290295124053955,3,pritamdeka/S-BioBERT-snli-multinli-stsb,0
Z6820,"body mass index (bmi) 20.0-20.9, adult",Autopercepcao,0.24402794241905212,1,pritamdeka/S-BioBERT-snli-multinli-stsb,1
Z6820,"body mass index (bmi) 20.0-20.9, adult",Nutricao,0.18817317485809326,2,pritamdeka/S-BioBERT-snli-multinli-stsb,0
Z6820,"body mass index (bmi) 20.0-20.9, adult",Crescimento/Desenvolvimento,0.15981873869895935,3,pritamdeka/S-BioBERT-snli-multinli-stsb,0
Z933,colostomy status,Eliminacao e Troca,0.43793609738349915,1,pritamdeka/S-BioBERT-snli-multinli-stsb,1
Z933,colostomy status,Nutricao,0.3535900115966797,2,pritamdeka/S-BioBERT-snli-multinli-stsb,0
Z933,colostomy status,Sexualidade,0.27423983812332153,3,pritamdeka/S-BioBERT-snli-multinli-stsb,0
E7800,"pure hypercholesterolemia, unspecified",Nutricao,0.17506828904151917,1,pritamdeka/S-BioBERT-snli-multinli-stsb,1
E7800,"pure hypercholesterolemia, unspecified",Eliminacao e Troca,0.17010951042175293,2,pritamdeka/S-BioBERT-snli-multinli-stsb,0
E7800,"pure hypercholesterolemia, unspecified",Promocao da Saude,0.14038044214248657,3,pritamdeka/S-BioBERT-snli-multinli-stsb,0
F1019,alcohol abuse with unspecified alcohol-induced disorder,Enfrentamento/Tolerancia ao Estresse,0.32682594656944275,1,pritamdeka/S-BioBERT-snli-multinli-stsb,1
F1019,alcohol abuse with unspecified alcohol-induced disorder,Eliminacao e Troca,0.20404548943042755,2,pritamdeka/S-BioBERT-snli-multinli-stsb,0
F1019,alcohol abuse with unspecified alcohol-induced disorder,Seguranca/Protecao,0.18372923135757446,3,pritamdeka/S-BioBERT-snli-multinli-stsb,0
F447,conversion disorder with mixed symptom presentation,Enfrentamento/Tolerancia ao Estresse,0.4781092405319214,1,pritamdeka/S-BioBERT-snli-multinli-stsb,1
F447,conversion disorder with mixed symptom presentation,Percepcao/Cognicao,0.3566553592681885,2,pritamdeka/S-BioBERT-snli-multinli-stsb,0
F447,conversion disorder with mixed symptom presentation,Conforto,0.3318709433078766,3,pritamdeka/S-BioBERT-snli-multinli-stsb,0
I871,compression of vein,Conforto,0.28198808431625366,1,pritamdeka/S-BioBERT-snli-multinli-stsb,1
I871,compression of vein,Atividade/Repouso,0.19476695358753204,2,pritamdeka/S-BioBERT-snli-multinli-stsb,0
I871,compression of vein,Percepcao/Cognicao,0.16088728606700897,3,pritamdeka/S-BioBERT-snli-multinli-stsb,0
I9789,"other postprocedural complications and disorders of the circulatory system, not elsewhere classified",Atividade/Repouso,0.37053072452545166,1,pritamdeka/S-BioBERT-snli-multinli-stsb,1
I9789,"other postprocedural complications and disorders of the circulatory system, not elsewhere classified",Percepcao/Cognicao,0.31254297494888306,2,pritamdeka/S-BioBERT-snli-multinli-stsb,0
I9789,"other postprocedural complications and disorders of the circulatory system, not elsewhere classified",Seguranca/Protecao,0.3094838261604309,3,pritamdeka/S-BioBERT-snli-multinli-stsb,0
M351,other overlap syndromes,Enfrentamento/Tolerancia ao Estresse,0.37111783027648926,1,pritamdeka/S-BioBERT-snli-multinli-stsb,1
M351,other overlap syndromes,Percepcao/Cognicao,0.2894008755683899,2,pritamdeka/S-BioBERT-snli-multinli-stsb,0
M351,other overlap syndromes,Conforto,0.2694205939769745,3,pritamdeka/S-BioBERT-snli-multinli-stsb,0
R200,anesthesia of skin,Seguranca/Protecao,0.31489044427871704,1,pritamdeka/S-BioBERT-snli-multinli-stsb,1
R200,anesthesia of skin,Autopercepcao,0.20275256037712097,2,pritamdeka/S-BioBERT-snli-multinli-stsb,0
R200,anesthesia of skin,Percepcao/Cognicao,0.19798114895820618,3,pritamdeka/S-BioBERT-snli-multinli-stsb,0
R4020,unspecified coma,Percepcao/Cognicao,0.3934205174446106,1,pritamdeka/S-BioBERT-snli-multinli-stsb,1
R4020,unspecified coma,Crescimento/Desenvolvimento,0.2222929149866104,2,pritamdeka/S-BioBERT-snli-multinli-stsb,0
R4020,unspecified coma,Seguranca/Protecao,0.22133532166481018,3,pritamdeka/S-BioBERT-snli-multinli-stsb,0
V499XXA,"car occupant (driver) (passenger) injured in unspecified traffic accident, initial encounter",Percepcao/Cognicao,0.15011805295944214,1,pritamdeka/S-BioBERT-snli-multinli-stsb,1
V499XXA,"car occupant (driver) (passenger) injured in unspecified traffic accident, initial encounter",Seguranca/Protecao,0.13082563877105713,2,pritamdeka/S-BioBERT-snli-multinli-stsb,0
V499XXA,"car occupant (driver) (passenger) injured in unspecified traffic accident, initial encounter",Enfrentamento/Tolerancia ao Estresse,0.09712337702512741,3,pritamdeka/S-BioBERT-snli-multinli-stsb,0
Z6823,"body mass index (bmi) 23.0-23.9, adult",Autopercepcao,0.30116286873817444,1,pritamdeka/S-BioBERT-snli-multinli-stsb,1
Z6823,"body mass index (bmi) 23.0-23.9, adult",Nutricao,0.20923252403736115,2,pritamdeka/S-BioBERT-snli-multinli-stsb,0
Z6823,"body mass index (bmi) 23.0-23.9, adult",Atividade/Repouso,0.19143046438694,3,pritamdeka/S-BioBERT-snli-multinli-stsb,0
F514,sleep terrors [night terrors],Percepcao/Cognicao,0.28062939643859863,1,pritamdeka/S-BioBERT-snli-multinli-stsb,1
F514,sleep terrors [night terrors],Enfrentamento/Tolerancia ao Estresse,0.2660489082336426,2,pritamdeka/S-BioBERT-snli-multinli-stsb,0
F514,sleep terrors [night terrors],Principios Vitais,0.259623646736145,3,pritamdeka/S-BioBERT-snli-multinli-stsb,0
G4733,obstructive sleep apnea (adult) (pediatric),Atividade/Repouso,0.3492175340652466,1,pritamdeka/S-BioBERT-snli-multinli-stsb,1
G4733,obstructive sleep apnea (adult) (pediatric),Crescimento/Desenvolvimento,0.328125,2,pritamdeka/S-BioBERT-snli-multinli-stsb,0
G4733,obstructive sleep apnea (adult) (pediatric),Enfrentamento/Tolerancia ao Estresse,0.2920432388782501,3,pritamdeka/S-BioBERT-snli-multinli-stsb,0
I319,"disease of pericardium, unspecified",Atividade/Repouso,0.29266634583473206,1,pritamdeka/S-BioBERT-snli-multinli-stsb,1
I319,"disease of pericardium, unspecified",Conforto,0.255449503660202,2,pritamdeka/S-BioBERT-snli-multinli-stsb,0
I319,"disease of pericardium, unspecified",Seguranca/Protecao,0.2516386806964874,3,pritamdeka/S-BioBERT-snli-multinli-stsb,0
I82412,acute embolism and thrombosis of left femoral vein,Atividade/Repouso,0.22386758029460907,1,pritamdeka/S-BioBERT-snli-multinli-stsb,1
I82412,acute embolism and thrombosis of left femoral vein,Percepcao/Cognicao,0.2102983444929123,2,pritamdeka/S-BioBERT-snli-multinli-stsb,0
I82412,acute embolism and thrombosis of left femoral vein,Nutricao,0.19804348051548004,3,pritamdeka/S-BioBERT-snli-multinli-stsb,0
Z1621,resistance to vancomycin,Sexualidade,0.19112813472747803,1,pritamdeka/S-BioBERT-snli-multinli-stsb,1
Z1621,resistance to vancomycin,Conforto,0.18408958613872528,2,pritamdeka/S-BioBERT-snli-multinli-stsb,0
Z1621,resistance to vancomycin,Eliminacao e Troca,0.17110201716423035,3,pritamdeka/S-BioBERT-snli-multinli-stsb,0
Z96651,presence of right artificial knee joint,Eliminacao e Troca,0.14647908508777618,1,pritamdeka/S-BioBERT-snli-multinli-stsb,1
Z96651,presence of right artificial knee joint,Sexualidade,0.12675049901008606,2,pritamdeka/S-BioBERT-snli-multinli-stsb,0
Z96651,presence of right artificial knee joint,Autopercepcao,0.11515206098556519,3,pritamdeka/S-BioBERT-snli-multinli-stsb,0
F17200,"nicotine dependence, unspecified, uncomplicated",Enfrentamento/Tolerancia ao Estresse,0.20244711637496948,1,pritamdeka/S-BioBERT-snli-multinli-stsb,1
F17200,"nicotine dependence, unspecified, uncomplicated",Seguranca/Protecao,0.16071806848049164,2,pritamdeka/S-BioBERT-snli-multinli-stsb,0
F17200,"nicotine dependence, unspecified, uncomplicated",Promocao da Saude,0.13647720217704773,3,pritamdeka/S-BioBERT-snli-multinli-stsb,0
G4700,"insomnia, unspecified",Nutricao,0.24198700487613678,1,pritamdeka/S-BioBERT-snli-multinli-stsb,1
G4700,"insomnia, unspecified",Atividade/Repouso,0.22452402114868164,2,pritamdeka/S-BioBERT-snli-multinli-stsb,0
G4700,"insomnia, unspecified",Enfrentamento/Tolerancia ao Estresse,0.2118450403213501,3,pritamdeka/S-BioBERT-snli-multinli-stsb,0
R5381,other malaise,Conforto,0.31384187936782837,1,pritamdeka/S-BioBERT-snli-multinli-stsb,1
R5381,other malaise,Percepcao/Cognicao,0.3131795823574066,2,pritamdeka/S-BioBERT-snli-multinli-stsb,0
R5381,other malaise,Principios Vitais,0.295518159866333,3,pritamdeka/S-BioBERT-snli-multinli-stsb,0
Z792,long term (current) use of antibiotics,Seguranca/Protecao,0.26454252004623413,1,pritamdeka/S-BioBERT-snli-multinli-stsb,1
Z792,long term (current) use of antibiotics,Nutricao,0.25692814588546753,2,pritamdeka/S-BioBERT-snli-multinli-stsb,0
Z792,long term (current) use of antibiotics,Atividade/Repouso,0.23909330368041992,3,pritamdeka/S-BioBERT-snli-multinli-stsb,0
D61818,other pancytopenia,Conforto,0.36290132999420166,1,pritamdeka/S-BioBERT-snli-multinli-stsb,1
D61818,other pancytopenia,Percepcao/Cognicao,0.3112472891807556,2,pritamdeka/S-BioBERT-snli-multinli-stsb,0
D61818,other pancytopenia,Eliminacao e Troca,0.28243908286094666,3,pritamdeka/S-BioBERT-snli-multinli-stsb,0
D702,other drug-induced agranulocytosis,Enfrentamento/Tolerancia ao Estresse,0.3770856261253357,1,pritamdeka/S-BioBERT-snli-multinli-stsb,1
D702,other drug-induced agranulocytosis,Percepcao/Cognicao,0.3518664538860321,2,pritamdeka/S-BioBERT-snli-multinli-stsb,0
D702,other drug-induced agranulocytosis,Eliminacao e Troca,0.2817392647266388,3,pritamdeka/S-BioBERT-snli-multinli-stsb,0
D735,infarction of spleen,Percepcao/Cognicao,0.24861381947994232,1,pritamdeka/S-BioBERT-snli-multinli-stsb,1
D735,infarction of spleen,Seguranca/Protecao,0.21629849076271057,2,pritamdeka/S-BioBERT-snli-multinli-stsb,0
D735,infarction of spleen,Conforto,0.19430628418922424,3,pritamdeka/S-BioBERT-snli-multinli-stsb,0
F1410,"cocaine abuse, uncomplicated",Enfrentamento/Tolerancia ao Estresse,0.14469186961650848,1,pritamdeka/S-BioBERT-snli-multinli-stsb,1
F1410,"cocaine abuse, uncomplicated",Seguranca/Protecao,0.08685268461704254,2,pritamdeka/S-BioBERT-snli-multinli-stsb,0
F1410,"cocaine abuse, uncomplicated",Principios Vitais,0.07361762225627899,3,pritamdeka/S-BioBERT-snli-multinli-stsb,0
F309,"manic episode, unspecified",Enfrentamento/Tolerancia ao Estresse,0.2513134777545929,1,pritamdeka/S-BioBERT-snli-multinli-stsb,1
F309,"manic episode, unspecified",Percepcao/Cognicao,0.19576358795166016,2,pritamdeka/S-BioBERT-snli-multinli-stsb,0
F309,"manic episode, unspecified",Autopercepcao,0.16959968209266663,3,pritamdeka/S-BioBERT-snli-multinli-stsb,0
M7071,"other bursitis of hip, right hip",Sexualidade,0.1694156974554062,1,pritamdeka/S-BioBERT-snli-multinli-stsb,1
M7071,"other bursitis of hip, right hip",Eliminacao e Troca,0.14944812655448914,2,pritamdeka/S-BioBERT-snli-multinli-stsb,0
M7071,"other bursitis of hip, right hip",Promocao da Saude,0.14639931917190552,3,pritamdeka/S-BioBERT-snli-multinli-stsb,0
Z7682,awaiting organ transplant status,Eliminacao e Troca,0.1916690617799759,1,pritamdeka/S-BioBERT-snli-multinli-stsb,1
Z7682,awaiting organ transplant status,Autopercepcao,0.18735437095165253,2,pritamdeka/S-BioBERT-snli-multinli-stsb,0
Z7682,awaiting organ transplant status,Enfrentamento/Tolerancia ao Estresse,0.15937688946723938,3,pritamdeka/S-BioBERT-snli-multinli-stsb,0
Z79891,long term (current) use of opiate analgesic,Enfrentamento/Tolerancia ao Estresse,0.3284359276294708,1,pritamdeka/S-BioBERT-snli-multinli-stsb,1
Z79891,long term (current) use of opiate analgesic,Conforto,0.32725805044174194,2,pritamdeka/S-BioBERT-snli-multinli-stsb,0
Z79891,long term (current) use of opiate analgesic,Eliminacao e Troca,0.21605324745178223,3,pritamdeka/S-BioBERT-snli-multinli-stsb,0
D696,"thrombocytopenia, unspecified",Seguranca/Protecao,0.2631685733795166,1,pritamdeka/S-BioBERT-snli-multinli-stsb,1
D696,"thrombocytopenia, unspecified",Conforto,0.25589364767074585,2,pritamdeka/S-BioBERT-snli-multinli-stsb,0
D696,"thrombocytopenia, unspecified",Crescimento/Desenvolvimento,0.24580323696136475,3,pritamdeka/S-BioBERT-snli-multinli-stsb,0
E278,other specified disorders of adrenal gland,Atividade/Repouso,0.3154991865158081,1,pritamdeka/S-BioBERT-snli-multinli-stsb,1
E278,other specified disorders of adrenal gland,Enfrentamento/Tolerancia ao Estresse,0.3141796588897705,2,pritamdeka/S-BioBERT-snli-multinli-stsb,0
E278,other specified disorders of adrenal gland,Eliminacao e Troca,0.3129509389400482,3,pritamdeka/S-BioBERT-snli-multinli-stsb,0
F1011,"alcohol abuse, in remission",Enfrentamento/Tolerancia ao Estresse,0.22425998747348785,1,pritamdeka/S-BioBERT-snli-multinli-stsb,1
F1011,"alcohol abuse, in remission",Eliminacao e Troca,0.16575589776039124,2,pritamdeka/S-BioBERT-snli-multinli-stsb,0
F1011,"alcohol abuse, in remission",Papeis e Relacionamentos,0.1567617803812027,3,pritamdeka/S-BioBERT-snli-multinli-stsb,0
F1210,"cannabis abuse, uncomplicated",Enfrentamento/Tolerancia ao Estresse,0.1616346538066864,1,pritamdeka/S-BioBERT-snli-multinli-stsb,1
F1210,"cannabis abuse, uncomplicated",Seguranca/Protecao,0.10354381054639816,2,pritamdeka/S-BioBERT-snli-multinli-stsb,0
F1210,"cannabis abuse, uncomplicated",Sexualidade,0.06272502988576889,3,pritamdeka/S-BioBERT-snli-multinli-stsb,0
K648,other hemorrhoids,Eliminacao e Troca,0.27550214529037476,1,pritamdeka/S-BioBERT-snli-multinli-stsb,1
K648,other hemorrhoids,Seguranca/Protecao,0.2347656488418579,2,pritamdeka/S-BioBERT-snli-multinli-stsb,0
K648,other hemorrhoids,Percepcao/Cognicao,0.22406896948814392,3,pritamdeka/S-BioBERT-snli-multinli-stsb,0
M5489,other dorsalgia,Conforto,0.2134460210800171,1,pritamdeka/S-BioBERT-snli-multinli-stsb,1
M5489,other dorsalgia,Eliminacao e Troca,0.19767746329307556,2,pritamdeka/S-BioBERT-snli-multinli-stsb,0
M5489,other dorsalgia,Percepcao/Cognicao,0.19716498255729675,3,pritamdeka/S-BioBERT-snli-multinli-stsb,0
Y92512,"supermarket, store or market as the place of occurrence of the external cause",Seguranca/Protecao,0.19829553365707397,1,pritamdeka/S-BioBERT-snli-multinli-stsb,1
Y92512,"supermarket, store or market as the place of occurrence of the external cause",Percepcao/Cognicao,0.15855622291564941,2,pritamdeka/S-BioBERT-snli-multinli-stsb,0
Y92512,"supermarket, store or market as the place of occurrence of the external cause",Nutricao,0.1434631049633026,3,pritamdeka/S-BioBERT-snli-multinli-stsb,0
D329,"benign neoplasm of meninges, unspecified",Percepcao/Cognicao,0.2807868719100952,1,pritamdeka/S-BioBERT-snli-multinli-stsb,1
D329,"benign neoplasm of meninges, unspecified",Seguranca/Protecao,0.21627940237522125,2,pritamdeka/S-BioBERT-snli-multinli-stsb,0
D329,"benign neoplasm of meninges, unspecified",Nutricao,0.204847514629364,3,pritamdeka/S-BioBERT-snli-multinli-stsb,0
F1010,"alcohol abuse, uncomplicated",Enfrentamento/Tolerancia ao Estresse,0.16604220867156982,1,pritamdeka/S-BioBERT-snli-multinli-stsb,1
F1010,"alcohol abuse, uncomplicated",Seguranca/Protecao,0.13099440932273865,2,pritamdeka/S-BioBERT-snli-multinli-stsb,0
F1010,"alcohol abuse, uncomplicated",Eliminacao e Troca,0.0982193872332573,3,pritamdeka/S-BioBERT-snli-multinli-stsb,0
K311,adult hypertrophic pyloric stenosis,Atividade/Repouso,0.29238617420196533,1,pritamdeka/S-BioBERT-snli-multinli-stsb,1
K311,adult hypertrophic pyloric stenosis,Eliminacao e Troca,0.2664850950241089,2,pritamdeka/S-BioBERT-snli-multinli-stsb,0
K311,adult hypertrophic pyloric stenosis,Conforto,0.24584722518920898,3,pritamdeka/S-BioBERT-snli-multinli-stsb,0
K56600,"partial intestinal obstruction, unspecified as to cause",Eliminacao e Troca,0.32742851972579956,1,pritamdeka/S-BioBERT-snli-multinli-stsb,1
K56600,"partial intestinal obstruction, unspecified as to cause",Nutricao,0.28521013259887695,2,pritamdeka/S-BioBERT-snli-multinli-stsb,0
K56600,"partial intestinal obstruction, unspecified as to cause",Percepcao/Cognicao,0.2115347534418106,3,pritamdeka/S-BioBERT-snli-multinli-stsb,0
N401,benign prostatic hyperplasia with lower urinary tract symptoms,Eliminacao e Troca,0.3555777668952942,1,pritamdeka/S-BioBERT-snli-multinli-stsb,1
N401,benign prostatic hyperplasia with lower urinary tract symptoms,Sexualidade,0.33000898361206055,2,pritamdeka/S-BioBERT-snli-multinli-stsb,0
N401,benign prostatic hyperplasia with lower urinary tract symptoms,Percepcao/Cognicao,0.22895435988903046,3,pritamdeka/S-BioBERT-snli-multinli-stsb,0
R2232,"localized swelling, mass and lump, left upper limb",Autopercepcao,0.227014422416687,1,pritamdeka/S-BioBERT-snli-multinli-stsb,1
R2232,"localized swelling, mass and lump, left upper limb",Conforto,0.16038396954536438,2,pritamdeka/S-BioBERT-snli-multinli-stsb,0
R2232,"localized swelling, mass and lump, left upper limb",Crescimento/Desenvolvimento,0.13968507945537567,3,pritamdeka/S-BioBERT-snli-multinli-stsb,0
R571,hypovolemic shock,Nutricao,0.3196409046649933,1,pritamdeka/S-BioBERT-snli-multinli-stsb,1
R571,hypovolemic shock,Seguranca/Protecao,0.3132617473602295,2,pritamdeka/S-BioBERT-snli-multinli-stsb,0
R571,hypovolemic shock,Atividade/Repouso,0.27510425448417664,3,pritamdeka/S-BioBERT-snli-multinli-stsb,0
Z6836,"body mass index (bmi) 36.0-36.9, adult",Autopercepcao,0.2821410298347473,1,pritamdeka/S-BioBERT-snli-multinli-stsb,1
Z6836,"body mass index (bmi) 36.0-36.9, adult",Enfrentamento/Tolerancia ao Estresse,0.23472833633422852,2,pritamdeka/S-BioBERT-snli-multinli-stsb,0
Z6836,"body mass index (bmi) 36.0-36.9, adult",Atividade/Repouso,0.2290876805782318,3,pritamdeka/S-BioBERT-snli-multinli-stsb,0
Z89431,acquired absence of right foot,Crescimento/Desenvolvimento,0.10972078144550323,1,pritamdeka/S-BioBERT-snli-multinli-stsb,1
Z89431,acquired absence of right foot,Eliminacao e Troca,0.047981858253479004,2,pritamdeka/S-BioBERT-snli-multinli-stsb,0
Z89431,acquired absence of right foot,Atividade/Repouso,0.035745371133089066,3,pritamdeka/S-BioBERT-snli-multinli-stsb,0
E049,"nontoxic goiter, unspecified",Seguranca/Protecao,0.2449829876422882,1,pritamdeka/S-BioBERT-snli-multinli-stsb,1
E049,"nontoxic goiter, unspecified",Nutricao,0.20362894237041473,2,pritamdeka/S-BioBERT-snli-multinli-stsb,0
E049,"nontoxic goiter, unspecified",Percepcao/Cognicao,0.18450072407722473,3,pritamdeka/S-BioBERT-snli-multinli-stsb,0
H6120,"impacted cerumen, unspecified ear",Percepcao/Cognicao,0.22931768000125885,1,pritamdeka/S-BioBERT-snli-multinli-stsb,1
H6120,"impacted cerumen, unspecified ear",Seguranca/Protecao,0.13443458080291748,2,pritamdeka/S-BioBERT-snli-multinli-stsb,0
H6120,"impacted cerumen, unspecified ear",Nutricao,0.12385492026805878,3,pritamdeka/S-BioBERT-snli-multinli-stsb,0
I9589,other hypotension,Atividade/Repouso,0.3441852331161499,1,pritamdeka/S-BioBERT-snli-multinli-stsb,1
I9589,other hypotension,Nutricao,0.3392539918422699,2,pritamdeka/S-BioBERT-snli-multinli-stsb,0
I9589,other hypotension,Percepcao/Cognicao,0.30738574266433716,3,pritamdeka/S-BioBERT-snli-multinli-stsb,0
M533,"sacrococcygeal disorders, not elsewhere classified",Percepcao/Cognicao,0.22879177331924438,1,pritamdeka/S-BioBERT-snli-multinli-stsb,1
M533,"sacrococcygeal disorders, not elsewhere classified",Autopercepcao,0.21447420120239258,2,pritamdeka/S-BioBERT-snli-multinli-stsb,0
M533,"sacrococcygeal disorders, not elsewhere classified",Conforto,0.1817052960395813,3,pritamdeka/S-BioBERT-snli-multinli-stsb,0
M720,palmar fascial fibromatosis [dupuytren],Crescimento/Desenvolvimento,0.1987696886062622,1,pritamdeka/S-BioBERT-snli-multinli-stsb,1
M720,palmar fascial fibromatosis [dupuytren],Nutricao,0.17863650619983673,2,pritamdeka/S-BioBERT-snli-multinli-stsb,0
M720,palmar fascial fibromatosis [dupuytren],Conforto,0.17563939094543457,3,pritamdeka/S-BioBERT-snli-multinli-stsb,0
R5081,fever presenting with conditions classified elsewhere,Conforto,0.3481234908103943,1,pritamdeka/S-BioBERT-snli-multinli-stsb,1
R5081,fever presenting with conditions classified elsewhere,Atividade/Repouso,0.32100144028663635,2,pritamdeka/S-BioBERT-snli-multinli-stsb,0
R5081,fever presenting with conditions classified elsewhere,Percepcao/Cognicao,0.318949818611145,3,pritamdeka/S-BioBERT-snli-multinli-stsb,0
T8119XA,"other postprocedural shock, initial encounter",Seguranca/Protecao,0.30279386043548584,1,pritamdeka/S-BioBERT-snli-multinli-stsb,1
T8119XA,"other postprocedural shock, initial encounter",Enfrentamento/Tolerancia ao Estresse,0.26829561591148376,2,pritamdeka/S-BioBERT-snli-multinli-stsb,0
T8119XA,"other postprocedural shock, initial encounter",Atividade/Repouso,0.2442115843296051,3,pritamdeka/S-BioBERT-snli-multinli-stsb,0
D472,monoclonal gammopathy,Nutricao,0.2681335210800171,1,pritamdeka/S-BioBERT-snli-multinli-stsb,1
D472,monoclonal gammopathy,Atividade/Repouso,0.21696370840072632,2,pritamdeka/S-BioBERT-snli-multinli-stsb,0
D472,monoclonal gammopathy,Crescimento/Desenvolvimento,0.21338212490081787,3,pritamdeka/S-BioBERT-snli-multinli-stsb,0
I82432,acute embolism and thrombosis of left popliteal vein,Conforto,0.194075345993042,1,pritamdeka/S-BioBERT-snli-multinli-stsb,1
I82432,acute embolism and thrombosis of left popliteal vein,Atividade/Repouso,0.17211726307868958,2,pritamdeka/S-BioBERT-snli-multinli-stsb,0
I82432,acute embolism and thrombosis of left popliteal vein,Percepcao/Cognicao,0.1524442881345749,3,pritamdeka/S-BioBERT-snli-multinli-stsb,0
J398,other specified diseases of upper respiratory tract,Atividade/Repouso,0.4369879364967346,1,pritamdeka/S-BioBERT-snli-multinli-stsb,1
J398,other specified diseases of upper respiratory tract,Eliminacao e Troca,0.4010331630706787,2,pritamdeka/S-BioBERT-snli-multinli-stsb,0
J398,other specified diseases of upper respiratory tract,Percepcao/Cognicao,0.3561980724334717,3,pritamdeka/S-BioBERT-snli-multinli-stsb,0
K6389,other specified diseases of intestine,Eliminacao e Troca,0.502682626247406,1,pritamdeka/S-BioBERT-snli-multinli-stsb,1
K6389,other specified diseases of intestine,Nutricao,0.40966475009918213,2,pritamdeka/S-BioBERT-snli-multinli-stsb,0
K6389,other specified diseases of intestine,Percepcao/Cognicao,0.3619503676891327,3,pritamdeka/S-BioBERT-snli-multinli-stsb,0
N400,benign prostatic hyperplasia without lower urinary tract symptoms,Sexualidade,0.2979123592376709,1,pritamdeka/S-BioBERT-snli-multinli-stsb,1
N400,benign prostatic hyperplasia without lower urinary tract symptoms,Eliminacao e Troca,0.2768213152885437,2,pritamdeka/S-BioBERT-snli-multinli-stsb,0
N400,benign prostatic hyperplasia without lower urinary tract symptoms,Percepcao/Cognicao,0.18429747223854065,3,pritamdeka/S-BioBERT-snli-multinli-stsb,0
Y848,"other medical procedures as the cause of abnormal reaction of the patient, or of later complication, without mention of misadventure at the time of the procedure",Seguranca/Protecao,0.3294793367385864,1,pritamdeka/S-BioBERT-snli-multinli-stsb,1
Y848,"other medical procedures as the cause of abnormal reaction of the patient, or of later complication, without mention of misadventure at the time of the procedure",Percepcao/Cognicao,0.2648580074310303,2,pritamdeka/S-BioBERT-snli-multinli-stsb,0
Y848,"other medical procedures as the cause of abnormal reaction of the patient, or of later complication, without mention of misadventure at the time of the procedure",Atividade/Repouso,0.25920426845550537,3,pritamdeka/S-BioBERT-snli-multinli-stsb,0
I82422,acute embolism and thrombosis of left iliac vein,Seguranca/Protecao,0.26841413974761963,1,pritamdeka/S-BioBERT-snli-multinli-stsb,1
I82422,acute embolism and thrombosis of left iliac vein,Percepcao/Cognicao,0.2220715582370758,2,pritamdeka/S-BioBERT-snli-multinli-stsb,0
I82422,acute embolism and thrombosis of left iliac vein,Atividade/Repouso,0.21018381416797638,3,pritamdeka/S-BioBERT-snli-multinli-stsb,0
Q6432,congenital stricture of urethra,Eliminacao e Troca,0.40912020206451416,1,pritamdeka/S-BioBERT-snli-multinli-stsb,1
Q6432,congenital stricture of urethra,Sexualidade,0.29521411657333374,2,pritamdeka/S-BioBERT-snli-multinli-stsb,0
Q6432,congenital stricture of urethra,Nutricao,0.27647310495376587,3,pritamdeka/S-BioBERT-snli-multinli-stsb,0
R339,"retention of urine, unspecified",Eliminacao e Troca,0.3281795084476471,1,pritamdeka/S-BioBERT-snli-multinli-stsb,1
R339,"retention of urine, unspecified",Nutricao,0.2530266344547272,2,pritamdeka/S-BioBERT-snli-multinli-stsb,0
R339,"retention of urine, unspecified",Sexualidade,0.2001444548368454,3,pritamdeka/S-BioBERT-snli-multinli-stsb,0
Y831,"surgical operation with implant of artificial internal device as the cause of abnormal reaction of the patient, or of later complication, without mention of misadventure at the time of the procedure",Seguranca/Protecao,0.3077279329299927,1,pritamdeka/S-BioBERT-snli-multinli-stsb,1
Y831,"surgical operation with implant of artificial internal device as the cause of abnormal reaction of the patient, or of later complication, without mention of misadventure at the time of the procedure",Percepcao/Cognicao,0.23973019421100616,2,pritamdeka/S-BioBERT-snli-multinli-stsb,0
Y831,"surgical operation with implant of artificial internal device as the cause of abnormal reaction of the patient, or of later complication, without mention of misadventure at the time of the procedure",Atividade/Repouso,0.20843708515167236,3,pritamdeka/S-BioBERT-snli-multinli-stsb,0
Z720,tobacco use,Sexualidade,0.19080141186714172,1,pritamdeka/S-BioBERT-snli-multinli-stsb,1
Z720,tobacco use,Enfrentamento/Tolerancia ao Estresse,0.16198566555976868,2,pritamdeka/S-BioBERT-snli-multinli-stsb,0
Z720,tobacco use,Percepcao/Cognicao,0.11817009001970291,3,pritamdeka/S-BioBERT-snli-multinli-stsb,0
Z8639,"personal history of other endocrine, nutritional and metabolic disease",Nutricao,0.5611308813095093,1,pritamdeka/S-BioBERT-snli-multinli-stsb,1
Z8639,"personal history of other endocrine, nutritional and metabolic disease",Eliminacao e Troca,0.500916600227356,2,pritamdeka/S-BioBERT-snli-multinli-stsb,0
Z8639,"personal history of other endocrine, nutritional and metabolic disease",Atividade/Repouso,0.43192243576049805,3,pritamdeka/S-BioBERT-snli-multinli-stsb,0
L409,"psoriasis, unspecified",Seguranca/Protecao,0.2228614091873169,1,pritamdeka/S-BioBERT-snli-multinli-stsb,1
L409,"psoriasis, unspecified",Enfrentamento/Tolerancia ao Estresse,0.20234987139701843,2,pritamdeka/S-BioBERT-snli-multinli-stsb,0
L409,"psoriasis, unspecified",Autopercepcao,0.17328722774982452,3,pritamdeka/S-BioBERT-snli-multinli-stsb,0
R161,"splenomegaly, not elsewhere classified",Autopercepcao,0.18211835622787476,1,pritamdeka/S-BioBERT-snli-multinli-stsb,1
R161,"splenomegaly, not elsewhere classified",Crescimento/Desenvolvimento,0.14721089601516724,2,pritamdeka/S-BioBERT-snli-multinli-stsb,0
R161,"splenomegaly, not elsewhere classified",Principios Vitais,0.1336725503206253,3,pritamdeka/S-BioBERT-snli-multinli-stsb,0
Z434,encounter for attention to other artificial openings of digestive tract,Eliminacao e Troca,0.3852049708366394,1,pritamdeka/S-BioBERT-snli-multinli-stsb,1
Z434,encounter for attention to other artificial openings of digestive tract,Nutricao,0.3598751425743103,2,pritamdeka/S-BioBERT-snli-multinli-stsb,0
Z434,encounter for attention to other artificial openings of digestive tract,Sexualidade,0.2633580267429352,3,pritamdeka/S-BioBERT-snli-multinli-stsb,0
Z981,arthrodesis status,Eliminacao e Troca,0.23754890263080597,1,pritamdeka/S-BioBERT-snli-multinli-stsb,1
Z981,arthrodesis status,Atividade/Repouso,0.19820496439933777,2,pritamdeka/S-BioBERT-snli-multinli-stsb,0
Z981,arthrodesis status,Sexualidade,0.196523979306221,3,pritamdeka/S-BioBERT-snli-multinli-stsb,0
I6521,occlusion and stenosis of right carotid artery,Percepcao/Cognicao,0.28213340044021606,1,pritamdeka/S-BioBERT-snli-multinli-stsb,1
I6521,occlusion and stenosis of right carotid artery,Atividade/Repouso,0.2779307961463928,2,pritamdeka/S-BioBERT-snli-multinli-stsb,0
I6521,occlusion and stenosis of right carotid artery,Conforto,0.17432299256324768,3,pritamdeka/S-BioBERT-snli-multinli-stsb,0
I82401,acute embolism and thrombosis of unspecified deep veins of right lower extremity,Seguranca/Protecao,0.23698624968528748,1,pritamdeka/S-BioBERT-snli-multinli-stsb,1
I82401,acute embolism and thrombosis of unspecified deep veins of right lower extremity,Atividade/Repouso,0.23291932046413422,2,pritamdeka/S-BioBERT-snli-multinli-stsb,0
I82401,acute embolism and thrombosis of unspecified deep veins of right lower extremity,Percepcao/Cognicao,0.2237214297056198,3,pritamdeka/S-BioBERT-snli-multinli-stsb,0
K635,polyp of colon,Eliminacao e Troca,0.2889626920223236,1,pritamdeka/S-BioBERT-snli-multinli-stsb,1
K635,polyp of colon,Conforto,0.24236401915550232,2,pritamdeka/S-BioBERT-snli-multinli-stsb,0
K635,polyp of colon,Nutricao,0.1994607150554657,3,pritamdeka/S-BioBERT-snli-multinli-stsb,0
R002,palpitations,Atividade/Repouso,0.3882253170013428,1,pritamdeka/S-BioBERT-snli-multinli-stsb,1
R002,palpitations,Conforto,0.25043874979019165,2,pritamdeka/S-BioBERT-snli-multinli-stsb,0
R002,palpitations,Principios Vitais,0.17338286340236664,3,pritamdeka/S-BioBERT-snli-multinli-stsb,0
Z4689,encounter for fitting and adjustment of other specified devices,Atividade/Repouso,0.30033448338508606,1,pritamdeka/S-BioBERT-snli-multinli-stsb,1
Z4689,encounter for fitting and adjustment of other specified devices,Enfrentamento/Tolerancia ao Estresse,0.254733681678772,2,pritamdeka/S-BioBERT-snli-multinli-stsb,0
Z4689,encounter for fitting and adjustment of other specified devices,Seguranca/Protecao,0.24928072094917297,3,pritamdeka/S-BioBERT-snli-multinli-stsb,0
D1802,hemangioma of intracranial structures,Percepcao/Cognicao,0.40146538615226746,1,pritamdeka/S-BioBERT-snli-multinli-stsb,1
D1802,hemangioma of intracranial structures,Seguranca/Protecao,0.3221909999847412,2,pritamdeka/S-BioBERT-snli-multinli-stsb,0
D1802,hemangioma of intracranial structures,Nutricao,0.26444292068481445,3,pritamdeka/S-BioBERT-snli-multinli-stsb,0
D688,other specified coagulation defects,Percepcao/Cognicao,0.3600892424583435,1,pritamdeka/S-BioBERT-snli-multinli-stsb,1
D688,other specified coagulation defects,Seguranca/Protecao,0.33934763073921204,2,pritamdeka/S-BioBERT-snli-multinli-stsb,0
D688,other specified coagulation defects,Atividade/Repouso,0.3334770202636719,3,pritamdeka/S-BioBERT-snli-multinli-stsb,0
F4329,adjustment disorder with other symptoms,Enfrentamento/Tolerancia ao Estresse,0.5897600650787354,1,pritamdeka/S-BioBERT-snli-multinli-stsb,1
F4329,adjustment disorder with other symptoms,Autopercepcao,0.3139890134334564,2,pritamdeka/S-BioBERT-snli-multinli-stsb,0
F4329,adjustment disorder with other symptoms,Atividade/Repouso,0.2751661241054535,3,pritamdeka/S-BioBERT-snli-multinli-stsb,0
H269,unspecified cataract,Percepcao/Cognicao,0.2687312662601471,1,pritamdeka/S-BioBERT-snli-multinli-stsb,1
H269,unspecified cataract,Nutricao,0.2059653401374817,2,pritamdeka/S-BioBERT-snli-multinli-stsb,0
H269,unspecified cataract,Seguranca/Protecao,0.2029443085193634,3,pritamdeka/S-BioBERT-snli-multinli-stsb,0
L851,acquired keratosis [keratoderma] palmaris et plantaris,Percepcao/Cognicao,0.15356513857841492,1,pritamdeka/S-BioBERT-snli-multinli-stsb,1
L851,acquired keratosis [keratoderma] palmaris et plantaris,Conforto,0.14617523550987244,2,pritamdeka/S-BioBERT-snli-multinli-stsb,0
L851,acquired keratosis [keratoderma] palmaris et plantaris,Autopercepcao,0.13098499178886414,3,pritamdeka/S-BioBERT-snli-multinli-stsb,0
L930,discoid lupus erythematosus,Percepcao/Cognicao,0.21112048625946045,1,pritamdeka/S-BioBERT-snli-multinli-stsb,1
L930,discoid lupus erythematosus,Eliminacao e Troca,0.20617139339447021,2,pritamdeka/S-BioBERT-snli-multinli-stsb,0
L930,discoid lupus erythematosus,Enfrentamento/Tolerancia ao Estresse,0.204521045088768,3,pritamdeka/S-BioBERT-snli-multinli-stsb,0
M940,chondrocostal junction syndrome [tietze],Eliminacao e Troca,0.24846617877483368,1,pritamdeka/S-BioBERT-snli-multinli-stsb,1
M940,chondrocostal junction syndrome [tietze],Conforto,0.2056088149547577,2,pritamdeka/S-BioBERT-snli-multinli-stsb,0
M940,chondrocostal junction syndrome [tietze],Percepcao/Cognicao,0.20070627331733704,3,pritamdeka/S-BioBERT-snli-multinli-stsb,0
R638,other symptoms and signs concerning food and fluid intake,Nutricao,0.5271335244178772,1,pritamdeka/S-BioBERT-snli-multinli-stsb,1
R638,other symptoms and signs concerning food and fluid intake,Eliminacao e Troca,0.4886079728603363,2,pritamdeka/S-BioBERT-snli-multinli-stsb,0
R638,other symptoms and signs concerning food and fluid intake,Conforto,0.3186889886856079,3,pritamdeka/S-BioBERT-snli-multinli-stsb,0
Z923,personal history of irradiation,Autopercepcao,0.199620321393013,1,pritamdeka/S-BioBERT-snli-multinli-stsb,1
Z923,personal history of irradiation,Seguranca/Protecao,0.18652206659317017,2,pritamdeka/S-BioBERT-snli-multinli-stsb,0
Z923,personal history of irradiation,Enfrentamento/Tolerancia ao Estresse,0.14981108903884888,3,pritamdeka/S-BioBERT-snli-multinli-stsb,0
D124,benign neoplasm of descending colon,Percepcao/Cognicao,0.25529614090919495,1,pritamdeka/S-BioBERT-snli-multinli-stsb,1
D124,benign neoplasm of descending colon,Nutricao,0.241806298494339,2,pritamdeka/S-BioBERT-snli-multinli-stsb,0
D124,benign neoplasm of descending colon,Eliminacao e Troca,0.2386637032032013,3,pritamdeka/S-BioBERT-snli-multinli-stsb,0
M19011,"primary osteoarthritis, right shoulder",Eliminacao e Troca,0.20532573759555817,1,pritamdeka/S-BioBERT-snli-multinli-stsb,1
M19011,"primary osteoarthritis, right shoulder",Promocao da Saude,0.18215882778167725,2,pritamdeka/S-BioBERT-snli-multinli-stsb,0
M19011,"primary osteoarthritis, right shoulder",Atividade/Repouso,0.17798249423503876,3,pritamdeka/S-BioBERT-snli-multinli-stsb,0
Z590,homelessness,Principios Vitais,0.2559754252433777,1,pritamdeka/S-BioBERT-snli-multinli-stsb,1
Z590,homelessness,Enfrentamento/Tolerancia ao Estresse,0.19889675080776215,2,pritamdeka/S-BioBERT-snli-multinli-stsb,0
Z590,homelessness,Conforto,0.18578320741653442,3,pritamdeka/S-BioBERT-snli-multinli-stsb,0
Z91128,patient's intentional underdosing of medication regimen for other reason,Atividade/Repouso,0.20762553811073303,1,pritamdeka/S-BioBERT-snli-multinli-stsb,1
Z91128,patient's intentional underdosing of medication regimen for other reason,Enfrentamento/Tolerancia ao Estresse,0.20608818531036377,2,pritamdeka/S-BioBERT-snli-multinli-stsb,0
Z91128,patient's intentional underdosing of medication regimen for other reason,Percepcao/Cognicao,0.2005837857723236,3,pritamdeka/S-BioBERT-snli-multinli-stsb,0
B370,candidal stomatitis,Conforto,0.219758540391922,1,pritamdeka/S-BioBERT-snli-multinli-stsb,1
B370,candidal stomatitis,Eliminacao e Troca,0.21264240145683289,2,pritamdeka/S-BioBERT-snli-multinli-stsb,0
B370,candidal stomatitis,Percepcao/Cognicao,0.20527538657188416,3,pritamdeka/S-BioBERT-snli-multinli-stsb,0
C7A8,other malignant neuroendocrine tumors,Nutricao,0.39813151955604553,1,pritamdeka/S-BioBERT-snli-multinli-stsb,1
C7A8,other malignant neuroendocrine tumors,Percepcao/Cognicao,0.3659423291683197,2,pritamdeka/S-BioBERT-snli-multinli-stsb,0
C7A8,other malignant neuroendocrine tumors,Conforto,0.3123956322669983,3,pritamdeka/S-BioBERT-snli-multinli-stsb,0
H409,unspecified glaucoma,Atividade/Repouso,0.22969715297222137,1,pritamdeka/S-BioBERT-snli-multinli-stsb,1
H409,unspecified glaucoma,Percepcao/Cognicao,0.22346490621566772,2,pritamdeka/S-BioBERT-snli-multinli-stsb,0
H409,unspecified glaucoma,Nutricao,0.2150685042142868,3,pritamdeka/S-BioBERT-snli-multinli-stsb,0
I69344,monoplegia of lower limb following cerebral infarction affecting left non-dominant side,Percepcao/Cognicao,0.3758503496646881,1,pritamdeka/S-BioBERT-snli-multinli-stsb,1
I69344,monoplegia of lower limb following cerebral infarction affecting left non-dominant side,Eliminacao e Troca,0.20931217074394226,2,pritamdeka/S-BioBERT-snli-multinli-stsb,0
I69344,monoplegia of lower limb following cerebral infarction affecting left non-dominant side,Atividade/Repouso,0.19239410758018494,3,pritamdeka/S-BioBERT-snli-multinli-stsb,0
I7102,dissection of abdominal aorta,Eliminacao e Troca,0.25872310996055603,1,pritamdeka/S-BioBERT-snli-multinli-stsb,1
I7102,dissection of abdominal aorta,Enfrentamento/Tolerancia ao Estresse,0.23941326141357422,2,pritamdeka/S-BioBERT-snli-multinli-stsb,0
I7102,dissection of abdominal aorta,Atividade/Repouso,0.21422410011291504,3,pritamdeka/S-BioBERT-snli-multinli-stsb,0
J9809,"other diseases of bronchus, not elsewhere classified",Atividade/Repouso,0.2586361765861511,1,pritamdeka/S-BioBERT-snli-multinli-stsb,1
J9809,"other diseases of bronchus, not elsewhere classified",Eliminacao e Troca,0.21385425329208374,2,pritamdeka/S-BioBERT-snli-multinli-stsb,0
J9809,"other diseases of bronchus, not elsewhere classified",Conforto,0.1898336410522461,3,pritamdeka/S-BioBERT-snli-multinli-stsb,0
R2681,unsteadiness on feet,Atividade/Repouso,0.2714802026748657,1,pritamdeka/S-BioBERT-snli-multinli-stsb,1
R2681,unsteadiness on feet,Crescimento/Desenvolvimento,0.2168044000864029,2,pritamdeka/S-BioBERT-snli-multinli-stsb,0
R2681,unsteadiness on feet,Eliminacao e Troca,0.20476481318473816,3,pritamdeka/S-BioBERT-snli-multinli-stsb,0
Z79810,long term (current) use of selective estrogen receptor modulators (serms),Sexualidade,0.3152369260787964,1,pritamdeka/S-BioBERT-snli-multinli-stsb,1
Z79810,long term (current) use of selective estrogen receptor modulators (serms),Percepcao/Cognicao,0.27652430534362793,2,pritamdeka/S-BioBERT-snli-multinli-stsb,0
Z79810,long term (current) use of selective estrogen receptor modulators (serms),Seguranca/Protecao,0.25677329301834106,3,pritamdeka/S-BioBERT-snli-multinli-stsb,0
D869,"sarcoidosis, unspecified",Seguranca/Protecao,0.23307792842388153,1,pritamdeka/S-BioBERT-snli-multinli-stsb,1
D869,"sarcoidosis, unspecified",Percepcao/Cognicao,0.2026420533657074,2,pritamdeka/S-BioBERT-snli-multinli-stsb,0
D869,"sarcoidosis, unspecified",Enfrentamento/Tolerancia ao Estresse,0.18569830060005188,3,pritamdeka/S-BioBERT-snli-multinli-stsb,0
H548,"legal blindness, as defined in usa",Percepcao/Cognicao,0.21858176589012146,1,pritamdeka/S-BioBERT-snli-multinli-stsb,1
H548,"legal blindness, as defined in usa",Seguranca/Protecao,0.2083437144756317,2,pritamdeka/S-BioBERT-snli-multinli-stsb,0
H548,"legal blindness, as defined in usa",Principios Vitais,0.18497876822948456,3,pritamdeka/S-BioBERT-snli-multinli-stsb,0
K3189,other diseases of stomach and duodenum,Eliminacao e Troca,0.5244930982589722,1,pritamdeka/S-BioBERT-snli-multinli-stsb,1
K3189,other diseases of stomach and duodenum,Nutricao,0.43296125531196594,2,pritamdeka/S-BioBERT-snli-multinli-stsb,0
K3189,other diseases of stomach and duodenum,Percepcao/Cognicao,0.36251503229141235,3,pritamdeka/S-BioBERT-snli-multinli-stsb,0
R34,anuria and oliguria,Eliminacao e Troca,0.5780751705169678,1,pritamdeka/S-BioBERT-snli-multinli-stsb,1
R34,anuria and oliguria,Nutricao,0.48488959670066833,2,pritamdeka/S-BioBERT-snli-multinli-stsb,0
R34,anuria and oliguria,Atividade/Repouso,0.2875581383705139,3,pritamdeka/S-BioBERT-snli-multinli-stsb,0
Z23,encounter for immunization,Seguranca/Protecao,0.28051698207855225,1,pritamdeka/S-BioBERT-snli-multinli-stsb,1
Z23,encounter for immunization,Promocao da Saude,0.25266432762145996,2,pritamdeka/S-BioBERT-snli-multinli-stsb,0
Z23,encounter for immunization,Enfrentamento/Tolerancia ao Estresse,0.21210885047912598,3,pritamdeka/S-BioBERT-snli-multinli-stsb,0
